,Male,Female,Total,Ages 18-25,Ages 26-49,Ages 50 or Older,mental health,depression,mentally ill,mental illness,unwell,not well,struggle,self harm,suicidal,i hate myself,anymore,help me,cutting,pain,kill me,anxiety,social anxiety,worse,unmotivated,lost,trauma,unwanted,bpd,ptsd,suicide,vulnerable,lonely,sad,miserable,low,hopeless,aching,always,never,down,stressed,helpless,worthless,insecure,stuck,hurting,numb,intrusive,don't know why,crying,nothing matters,empty,overwhelmed,hurt,tired,grippy socks,stressy depressy,suey,kms,kill myself,unalive,unaliving,crippling
Male,1.0,0.9103637971623119,0.9645282147212559,0.892303427967404,0.9511459648596601,-0.010257549292092048,0.8428022428690022,0.09903939186695827,-0.4357782114149159,0.5369016730882086,0.7760625988167488,0.8663794570807524,-0.32395714513896556,0.15765603292004382,0.5351849678469862,-0.7107971986126662,0.45812348526870633,0.7377144287685373,0.7077388918205135,0.7093013199288672,0.07509325391590525,0.7774039864068643,0.49814831698237183,0.7743897926837976,0.8559399457943023,-0.4972831200761498,0.8544163872214467,0.5935199812481945,0.9148855482605301,0.7884020383136571,-0.08975804943163018,0.6967122154468197,-0.6958089241720921,0.42145271565436665,-0.4194958488016977,0.7906325041242959,0.12890234619275312,0.5713961165390434,0.7937540485475896,-0.2735721484903976,-0.13238309946752586,0.21016695255630233,-0.025231886336756774,0.4807020119018179,0.7419230608120716,0.5685827877208235,0.7248091788810201,0.2889973810799756,0.8556315051071193,0.6777450653174293,0.5444672564600392,-0.5819100806471491,0.7049349520411257,0.8236018029379601,0.7165740549056534,0.7215503799163046,0.9040227799574818,0.6917559323590184,-0.5477286821618673,0.6026914575554354,0.5214688601907401,0.8155484631398776,0.7815535190438109,0.48633856984413143
Female,0.9103637971623119,1.0,0.9869470213842264,0.9172851955696468,0.9809353200815076,-0.04685979437544321,0.9183938302688711,0.2265822032110186,-0.5220302403370667,0.5586782973154187,0.9078177593722049,0.8830346321328804,-0.24009839902978033,0.20677066606747296,0.5539282274502307,-0.8097424231904794,0.39861838462932603,0.7712534058384709,0.7402902293881942,0.7197921496845919,-0.006525882447843107,0.7941168518512779,0.49455528193795156,0.835830934688187,0.8850396420770515,-0.49302389880278796,0.8689866039652563,0.5964963550123222,0.9293140484444523,0.8020249883711725,-0.169432372954725,0.8550574657420413,-0.7522375640934365,0.35568132434786426,-0.24944601390222254,0.8129027665690848,0.07753472644880803,0.5790484429715909,0.7332423055730132,-0.38248182436960176,-0.14534088123985947,0.1660715851586224,0.03417722620518337,0.4624739025748915,0.809780580583669,0.5527439959779165,0.7046876280312188,0.27777160026733905,0.8983555797833078,0.6853056713601483,0.5595688252122576,-0.6694718980860023,0.7634400323526022,0.8714497939030255,0.6249550077477786,0.6821085719049559,0.8593342976773136,0.8059673069909606,-0.6077728761537698,0.535279257918109,0.5173092217685056,0.7682166733320517,0.6895791225135744,0.44748380621373435
Total,0.9645282147212559,0.9869470213842264,1.0,0.9305758938268008,0.9902769207576856,-0.037184520775442154,0.9095288280339388,0.18498194512782892,-0.49610535800541977,0.5682153804287702,0.874550010468583,0.8998678990682656,-0.28509811405837204,0.19544416269909512,0.5657798469363933,-0.7910481693980189,0.44022952772204654,0.7797735748159054,0.749285979777125,0.7370742695065075,0.029559196583068676,0.8100204082270864,0.5118174139634346,0.835610754242193,0.8959332711597835,-0.5113459816645702,0.881648006352403,0.6151665399039904,0.9451987238490037,0.8199454415181281,-0.1330312413534059,0.8173061411245479,-0.7513725432032464,0.39577811162982035,-0.32505954901647616,0.8246616049566677,0.1019690786685941,0.5954044909540042,0.7789464175229167,-0.34716521538114514,-0.1386481139302354,0.19773556099738251,0.02055813572617804,0.4883229436657155,0.8051424451558902,0.5778912410662362,0.7338006952043343,0.2909000799336711,0.904085493401578,0.704052904206441,0.5733919505148967,-0.656302934120233,0.7632737523939219,0.8756133250474721,0.6807712271450128,0.7182474857625072,0.8955193878979208,0.7794754540848053,-0.5993253679474122,0.5779899545593632,0.5387350446117918,0.7982636321216908,0.7343394557398129,0.4815746604555078
Ages 18-25,0.892303427967404,0.9172851955696468,0.9305758938268008,1.0,0.9261801237536555,-0.3183260320493849,0.9366732871310299,0.43621358732875704,-0.27188381422899427,0.8028184812738675,0.7566778168540327,0.9646209640111698,-0.41448629656737895,0.2774559547277337,0.7197021252808417,-0.9137799857789417,0.6366996757576366,0.9084916410526491,0.9256340940545151,0.8965039885336541,0.2564345090664979,0.9534578521044805,0.6759580167737533,0.9441895363412142,0.9662360317059753,-0.640703217267552,0.9332820702250694,0.8104755577216737,0.9766034666643597,0.9498996346115741,0.026663862389799523,0.8711723986438107,-0.8840290603135894,0.6575241216094125,-0.4997003370673312,0.9574273490231299,0.16186347604764845,0.7832305188254133,0.8514468530941017,-0.4419628514918092,-0.13487619481991206,0.3822703793772229,0.24053659776652023,0.6673953354785015,0.9169969666143842,0.7243772447534036,0.8825648982225813,0.3548997076648646,0.9689054604743984,0.8643815990281971,0.7729781351239468,-0.8447542144444943,0.9211962131851866,0.9340802049949297,0.7828889705935396,0.8736469679126063,0.9177807165923032,0.8287111499682045,-0.7060455861722409,0.7155965338844953,0.7665981582650945,0.6711437855400031,0.5771205966098046,0.7061499358366501
Ages 26-49,0.9511459648596601,0.9809353200815076,0.9902769207576856,0.9261801237536555,1.0,-0.131199330947953,0.9350671821603648,0.24907922912222533,-0.48186082931041163,0.554157050056543,0.8705294603182052,0.8723837522164958,-0.19606966506703818,0.1341345319346863,0.5050137686912869,-0.8193899662141758,0.423522705116855,0.7574628786614362,0.7372821343002872,0.7079676417982994,0.040171210030608855,0.7931711661364748,0.47056779527699,0.8020570287889673,0.8717487505789864,-0.442407748518502,0.9053595685644389,0.5890487566510705,0.9303904838053397,0.7963654589186764,-0.13970608673140364,0.7943271290088735,-0.7412354589071035,0.3642850745231948,-0.2901462866359734,0.8402555735566034,0.022932169562396514,0.5544095269359286,0.7282713140435312,-0.4282769331092097,-0.1833128251586696,0.17889312043063402,0.04337940710131599,0.4306263572858131,0.7852267115120146,0.5174980100695513,0.6940283583737386,0.21337979282170597,0.8803956670691219,0.7016033603543479,0.534720568536781,-0.6482421954191586,0.7394078338492474,0.8393371611604596,0.6223474369851554,0.6794315706625863,0.8815701137419688,0.7838800502150052,-0.6579959794379642,0.5193531876381974,0.5130428508166337,0.7901645043275347,0.723675532599972,0.4759389176609896
Ages 50 or Older,-0.010257549292092048,-0.04685979437544321,-0.037184520775442154,-0.3183260320493849,-0.131199330947953,1.0,-0.3835697176092852,-0.8376985527068915,-0.4206229643726467,-0.4978641652516459,0.05172251726320225,-0.1923853202391391,-0.14278106608354307,0.14977847020769205,-0.10294538511512037,0.5392519756955392,-0.4293359792932413,-0.2891731659300764,-0.4392402204253259,-0.30992854433120326,-0.4430494029025238,-0.36364808465853926,-0.1827710107720568,-0.22985986391411894,-0.20325475974918028,0.004882680901568266,-0.41621965255922966,-0.3641432290858269,-0.18873668311797379,-0.30768809584240436,-0.27962632824674016,-0.1691145613064197,0.35257714310339255,-0.42659150757774256,0.23194043431342531,-0.5174767682067112,0.28719672642911753,-0.27074357455871784,-0.06145232412501733,0.6192325450112609,0.2681643603735156,-0.33035018801979527,-0.6139312659592681,-0.1564209298489718,-0.3068190699701,-0.0943087312764061,-0.24297609552363017,0.18662543064398449,-0.1992766696407701,-0.48206412054437,-0.30679099168535096,0.4737064830502243,-0.3441557018174987,-0.11611493810721175,-0.05725252620556644,-0.2596267328029577,-0.17173738020894583,-0.2747370858272499,0.6422184779125143,-0.07524274135995218,-0.42955498850146123,0.09743531852156133,0.18430918931322268,-0.5451360706559277
mental health,0.8428022428690022,0.9183938302688711,0.9095288280339388,0.9366732871310299,0.9350671821603648,-0.3835697176092852,1.0,0.531968071004419,-0.37638071471513557,0.6431501153067769,0.8202792022598346,0.8493971872185474,-0.10100230812451244,0.006786940874407307,0.48525691320363223,-0.9317478165974257,0.5109264671736342,0.740302286800707,0.8062233309350765,0.724628748950904,0.06978239907857794,0.8267768840895067,0.42053259044287516,0.806859731796741,0.8496780631731723,-0.3703688222615043,0.9787025383116014,0.6090860858409262,0.8937876877853225,0.808287865316339,-0.06627951740379595,0.8169121649731096,-0.7644535611972736,0.43491496811407965,-0.3474141603913382,0.9228234372363574,-0.12050956744954458,0.5538448336754768,0.6595953074979167,-0.5294702655503508,-0.2574965908345155,0.25087057471392366,0.26929425896419484,0.4232325787287605,0.8265469053064476,0.4749783034461468,0.6812119401875034,0.127322018574628,0.8594179369234424,0.8038617082938825,0.5564576905478595,-0.7294806113611997,0.7751350501804535,0.7961116474710038,0.5591580394636252,0.6769050473325607,0.8187944737857055,0.8804436587896028,-0.8225830920595357,0.4504065587720788,0.5708845406192984,0.6585242116176678,0.5519459704838753,0.5894043978894373
depression,0.09903939186695827,0.2265822032110186,0.18498194512782892,0.43621358732875704,0.24907922912222533,-0.8376985527068915,0.531968071004419,1.0,0.2934697985666876,0.5856392297893619,0.08486022251123782,0.2890011526388624,0.09344871309605887,-0.15395218496901353,0.2040531503331554,-0.6573979974372848,0.44167841808724956,0.3721823026677644,0.5615257916467922,0.4149161725695431,0.16891361129559568,0.48134595265384117,0.2000930603652678,0.3667329035780192,0.3080186695518253,-0.06361473636775454,0.5340106039500854,0.39534786063590527,0.27812215573558635,0.403110871685807,0.10679709244730093,0.34580188879894047,-0.46129623313815277,0.4486503359587918,-0.22443024412834656,0.594718559027461,-0.2809673322095042,0.36282254645242845,0.14652949318269115,-0.6700485907326859,-0.3941030217379929,0.26202150399743845,0.6740158595999424,0.24092993396597334,0.44806894541841813,0.1356669450710322,0.31662366530145797,-0.013291665944280719,0.30874674475013897,0.5889158138001195,0.3657994496469018,-0.5652333453746493,0.46246743641525995,0.24066621404445646,0.13184914236051337,0.34468713412424123,0.1764881117527474,0.556511418540858,-0.7155715718933977,0.11558482146801895,0.4942914286616752,-0.15650654213731088,-0.2721929722787061,0.581352238834274
mentally ill,-0.4357782114149159,-0.5220302403370667,-0.49610535800541977,-0.27188381422899427,-0.48186082931041163,-0.4206229643726467,-0.37638071471513557,0.2934697985666876,1.0,0.20557906659039266,-0.6599345167708928,-0.2638275323887899,-0.07139257017408958,0.13038000668061114,-0.04489960884366561,0.17359912504297692,0.2750778813509798,-0.04081854955607101,-0.025825374625566423,-0.05977534629805153,0.1644214328957419,-0.11023547999603117,0.07079397587616025,-0.1907963014816079,-0.27052761603092346,0.047570188346698794,-0.2878181847169706,0.036813600055107365,-0.34974507881217015,-0.16013100501631858,0.3768294730633777,-0.3990340894582289,0.08846282848769323,0.3013630146694567,0.059500557732449916,-0.09970175663905378,-0.03188766718006996,0.09179754786872281,-0.17657253493260364,-0.17607204362638307,-0.18951112270643306,0.2428556149025446,0.4834779299240106,0.011731719067089957,-0.09614807516158694,-0.050530535287451966,-0.06041201758205032,0.12928910338714525,-0.28472655510107137,0.07037147150047991,0.10080976097463178,-0.07907531275083346,-0.08380237229837316,-0.31935511108747,-0.07051608122772063,-0.02103011914917517,-0.26407919397241797,-0.4287427574018122,-0.014602680515155139,-0.012183087748059635,0.23810423950262533,-0.46566398476400866,-0.45045411218339565,0.333868864888877
mental illness,0.5369016730882086,0.5586782973154187,0.5682153804287702,0.8028184812738675,0.554157050056543,-0.4978641652516459,0.6431501153067769,0.5856392297893619,0.20557906659039266,1.0,0.30275149859696826,0.8098939918123826,-0.6576197761755118,0.5418082409043048,0.8582215793174208,-0.8116355700300811,0.8103169311345044,0.8997718946925121,0.9622260575086564,0.951907801582108,0.49646791396687995,0.9327389265068519,0.8677060269435163,0.8815053402819674,0.826422004222062,-0.7692592400673749,0.68051478422472,0.9377783633429008,0.7587178187551523,0.9099880846077066,0.3195332866655195,0.6818629203387913,-0.8986049573057182,0.9462663014586721,-0.5556635729742924,0.8523743019881133,0.3346828590306761,0.9516709289371261,0.7910120987219825,-0.43825431959186223,-0.1280279810116902,0.6332288440310792,0.417185943877065,0.8318038223629667,0.8263838234580914,0.8393326300866896,0.9246214464515267,0.46519753772284805,0.8204075770453351,0.8687594103540786,0.9506251732477594,-0.937283359273421,0.9365072873609772,0.7894310140258379,0.808081194588849,0.9344530157384414,0.7131822325533446,0.6357097421973176,-0.6375450176128814,0.8425239264310105,0.9824130796590401,0.26727601556297687,0.16463403527449397,0.8717724467918017
unwell,0.7760625988167488,0.9078177593722049,0.874550010468583,0.7566778168540327,0.8705294603182052,0.05172251726320225,0.8202792022598346,0.08486022251123782,-0.6599345167708928,0.30275149859696826,1.0,0.7570160546118858,-0.032239063880912494,0.012735781647309607,0.38801569035026795,-0.6568457731229121,0.22468150262561937,0.5903750519000402,0.521404737158297,0.4949120715923271,-0.0803128593306784,0.5835679527068797,0.24670751295695048,0.674882049862691,0.7513013776540146,-0.28103306901218494,0.7715291142401391,0.3602539149484045,0.7918853766738203,0.6117519860668005,-0.21353903595720844,0.8386956514602356,-0.533759603757301,0.11328675823178606,-0.20362175929071324,0.6546357158834375,-0.06955526474355803,0.32247059073013484,0.5828172052236466,-0.21610867211661505,0.07628397438443384,0.04661504454095384,-0.0015168938198539081,0.2772582963096204,0.7220476204955251,0.3990833129412575,0.4950081611074308,0.09101811492015893,0.7660159469856174,0.5203505202765836,0.35035730758323397,-0.43952676467411594,0.5826045973474849,0.7575444702067421,0.44751935090154604,0.4513250755174517,0.7156288997499213,0.7099827969855268,-0.4610659784316356,0.31050502189121015,0.25633727380353644,0.7789703597235704,0.6939071285996451,0.2525818090861369
not well,0.8663794570807524,0.8830346321328804,0.8998678990682656,0.9646209640111698,0.8723837522164958,-0.1923853202391391,0.8493971872185474,0.2890011526388624,-0.2638275323887899,0.8098939918123826,0.7570160546118858,1.0,-0.5423840360816692,0.3874247507392165,0.8159996059075247,-0.844262255215479,0.7110839313327395,0.9400756821299078,0.916867180703833,0.9224904722994788,0.3153564612792008,0.9522433746507388,0.7431603575030523,0.9745878405328838,0.9880961520269783,-0.7363871568954483,0.8590791468954538,0.8432158212386627,0.9759323701257441,0.9681678736020911,0.16383665525011704,0.8993819987449373,-0.8877840399375136,0.713819579795852,-0.5618576385438572,0.913764535302996,0.2668102438662798,0.834310312969952,0.9378103457993078,-0.3066426680650444,0.02460362911246189,0.5093066425057257,0.2344678609423456,0.7636568731283591,0.9430660892334621,0.8327197907918776,0.9327178880983106,0.39764304254386695,0.989285373783494,0.8695560394264533,0.846882095337489,-0.8381597143405397,0.9431553853982656,0.9785081998893482,0.8610148981223276,0.91449750552372,0.9307927881545549,0.7486014749294402,-0.5993876229156503,0.7938128629869882,0.8035029226984699,0.6878959746985258,0.5965923115948952,0.738984061580028
struggle,-0.32395714513896556,-0.24009839902978033,-0.28509811405837204,-0.41448629656737895,-0.19606966506703818,-0.14278106608354307,-0.10100230812451244,0.09344871309605887,-0.07139257017408958,-0.6576197761755118,-0.032239063880912494,-0.5423840360816692,1.0,-0.7669663010888383,-0.8822746271874152,0.2214752429967032,-0.49837830886595874,-0.6359000116206338,-0.5959830958481954,-0.72485304390064,-0.4959300004456567,-0.6091295844980685,-0.8350535564075472,-0.6277205086215852,-0.5634542194547425,0.9023616304869612,-0.1424256126702691,-0.7222660792711331,-0.4505588331374485,-0.6374070997315162,-0.20379392023132328,-0.41248183732314947,0.5355702267018452,-0.7787116500241368,0.5388043400748391,-0.3166412829440585,-0.8358074402562081,-0.8203316602264198,-0.7348240471301795,-0.24329411024531122,-0.3268153838834916,-0.45565390126066746,0.07539569080681462,-0.8770205055550195,-0.4716458708559475,-0.8729684420765358,-0.7669071364034055,-0.7226816668735667,-0.5433654065669117,-0.4010847723336002,-0.7823736656480219,0.5055462757476644,-0.6444184229986502,-0.6053304278938288,-0.8276675624962117,-0.7705209284603597,-0.419124657359954,-0.2556089890006061,-0.08571672623901297,-0.9136760779586067,-0.7290729345664112,-0.06921664811988155,-0.0511270585531002,-0.46397180095530965
self harm,0.15765603292004382,0.20677066606747296,0.19544416269909512,0.2774559547277337,0.1341345319346863,0.14977847020769205,0.006786940874407307,-0.15395218496901353,0.13038000668061114,0.5418082409043048,0.012735781647309607,0.3874247507392165,-0.7669663010888383,1.0,0.6886058626922148,-0.2133232119391697,0.2475710972140841,0.5643239646780951,0.43138842351265777,0.5626770767953162,0.44844447600291737,0.436317308989009,0.8455255223345058,0.49114309374617937,0.4419805633702449,-0.7068093824899856,-0.00453758318747888,0.670191001379605,0.36904285084507765,0.4757915044833978,0.1592166017228727,0.3120378410672251,-0.5570378878836184,0.567923882416137,-0.18656664007505175,0.22152713240613978,0.6110119862616681,0.690902761327849,0.4515225560526185,-0.09503598121597776,0.1030376400991502,0.31015778451488185,-0.24825201561059929,0.5608680417519395,0.3013274347268027,0.7181736914163034,0.5861761628765833,0.4578934651974591,0.4421057080489476,0.16742529589135724,0.6761780917494972,-0.5350483079424037,0.5182201827895405,0.48133157306137303,0.5550774877999857,0.5499489793603142,0.3923690001062213,0.034821273386821026,0.05298088510199142,0.7356068574699381,0.577266881667194,0.17220747789047608,0.1550130566907091,0.23460461492555423
suicidal,0.5351849678469862,0.5539282274502307,0.5657798469363933,0.7197021252808417,0.5050137686912869,-0.10294538511512037,0.48525691320363223,0.2040531503331554,-0.04489960884366561,0.8582215793174208,0.38801569035026795,0.8159996059075247,-0.8822746271874152,0.6886058626922148,1.0,-0.5985462524587492,0.6692189502294447,0.8789424039653557,0.8576699205191299,0.9280111038290886,0.5145637052702202,0.8631423604632592,0.9033606205243729,0.8865208811446461,0.8418245130327657,-0.8976939045925825,0.5138012263782846,0.8850227470898757,0.7303549368552872,0.8831203412660824,0.21088605875952626,0.7632341453372218,-0.7939329658846803,0.8722905272391742,-0.6167857365514133,0.6608990063434536,0.6140837646090308,0.9424810043312366,0.8935338840490303,-0.044479004688460264,0.27350751639933674,0.5531624220642487,0.12806735993446103,0.9447243839545941,0.7985754739397224,0.9826945969362033,0.9381871783128441,0.6134125724555518,0.8275287037146051,0.6984505692088171,0.9443351722927,-0.7604137624529945,0.9053115622651204,0.8624139467594057,0.9373564828014798,0.9280982534811626,0.6519801017390994,0.5911934552967129,-0.28624741296933204,0.9564246375090419,0.8865458005748643,0.2702546225534385,0.18376088509619143,0.675009896435978
i hate myself,-0.7107971986126662,-0.8097424231904794,-0.7910481693980189,-0.9137799857789417,-0.8193899662141758,0.5392519756955392,-0.9317478165974257,-0.6573979974372848,0.17359912504297692,-0.8116355700300811,-0.6568457731229121,-0.844262255215479,0.2214752429967032,-0.2133232119391697,-0.5985462524587492,1.0,-0.6451753547612911,-0.8251524204449817,-0.8977972321693309,-0.8235409778931606,-0.23754323105451483,-0.8894538522975993,-0.604206889081594,-0.8427920982942331,-0.858755746200529,0.46092695997906824,-0.9251227323978019,-0.7760374237640677,-0.871096695572348,-0.8688085436737168,-0.1300334808907514,-0.7946080291701149,0.8788310755350246,-0.6324190089505153,0.44233422116377974,-0.9649517405473077,0.09962188256721524,-0.6997249253278912,-0.6664742152276653,0.6499085075828243,0.2566130388774989,-0.43946836955204965,-0.3381298992044454,-0.5155524112853831,-0.8296306596697935,-0.5962561191155635,-0.7674169622686741,-0.10176052632787448,-0.8646297111477151,-0.8592678919485657,-0.7259037139895805,0.8772854661663313,-0.8656878325423577,-0.7939446152300756,-0.6016600910277579,-0.765561411114499,-0.8113741961719856,-0.8176277385091617,0.8821100360383047,-0.5612057121208213,-0.7415804402475773,-0.5393188772898518,-0.4135617596852752,-0.7205680599649202
anymore,0.45812348526870633,0.39861838462932603,0.44022952772204654,0.6366996757576366,0.423522705116855,-0.4293359792932413,0.5109264671736342,0.44167841808724956,0.2750778813509798,0.8103169311345044,0.22468150262561937,0.7110839313327395,-0.49837830886595874,0.2475710972140841,0.6692189502294447,-0.6451753547612911,1.0,0.7143936114987117,0.7825640687566812,0.7578894886033867,0.3559838059130098,0.7603025055350858,0.6054727366432482,0.704537559939795,0.6500726650860269,-0.5901055096175617,0.5783885772746118,0.731656680497065,0.5975964814348584,0.751024795163567,0.6896845881098547,0.5201757593568875,-0.69775532233009,0.835464682512756,-0.5816481175288183,0.7315298013013257,0.11557248361928257,0.7465406894958606,0.7632217480042486,-0.26999922534640974,-0.008009434836724104,0.8961201003712049,0.6356873460720697,0.7284341962078127,0.7142062216998656,0.6763506147573548,0.761337687330785,0.23878592918239108,0.6408152566276906,0.9082454935417383,0.8036743369883462,-0.7483528716143696,0.7441049161610181,0.6112622412687083,0.694026809378759,0.787727089866357,0.6040976953367125,0.40643879216944373,-0.6103015082367511,0.6242505366100907,0.8603646170483115,0.22783824233777525,0.14637037663530364,0.9741861894741918
help me,0.7377144287685373,0.7712534058384709,0.7797735748159054,0.9084916410526491,0.7574628786614362,-0.2891731659300764,0.740302286800707,0.3721823026677644,-0.04081854955607101,0.8997718946925121,0.5903750519000402,0.9400756821299078,-0.6359000116206338,0.5643239646780951,0.8789424039653557,-0.8251524204449817,0.7143936114987117,1.0,0.9412023295240228,0.9570750822751103,0.40015280811407467,0.954653142966966,0.8665155784369162,0.9562481989570836,0.956515237346218,-0.7869691701336801,0.7590484988711246,0.9224872716187831,0.9034808041285909,0.9625336179109913,0.1612545262108402,0.8442314167694491,-0.9113037571640542,0.8229009196708208,-0.5747631265728684,0.8827067962552603,0.32856063994860785,0.9244599188990504,0.9026141556381111,-0.3963289021604493,0.057154100044370264,0.5065389027433136,0.2282142988355877,0.8027840063514713,0.9224835021064358,0.8933788891369652,0.9583245213401397,0.47781533819354993,0.9485854838505462,0.8384430542177076,0.9297131010765347,-0.8848826482845968,0.9761704584711985,0.9402467049617265,0.8803175372082758,0.9447600345428093,0.8585218059352406,0.6625165791998218,-0.5504675972452425,0.8703178113492791,0.8978867194903957,0.5322768561279515,0.4397096282435572,0.77338020467554
cutting,0.7077388918205135,0.7402902293881942,0.749285979777125,0.9256340940545151,0.7372821343002872,-0.4392402204253259,0.8062233309350765,0.5615257916467922,-0.025825374625566423,0.9622260575086564,0.521404737158297,0.916867180703833,-0.5959830958481954,0.43138842351265777,0.8576699205191299,-0.8977972321693309,0.7825640687566812,0.9412023295240228,1.0,0.9802358518177108,0.4099942038799096,0.9923668481842184,0.8156721872045739,0.9558264638819448,0.9285570576333843,-0.7539347717358027,0.8259773603077433,0.9220784051039395,0.8823624771666967,0.9768693333742863,0.20561506582882969,0.8174384136201808,-0.9272462272446994,0.8701408484448965,-0.5806218209422432,0.9335022495824087,0.28258742260238884,0.9244015450805679,0.8660810331581648,-0.4252623453893776,-0.09356250764018126,0.5658692517335971,0.3623744585283149,0.8219773749621833,0.9104972471959694,0.8390657014175095,0.9528535304019302,0.4409317394760336,0.9240269850194507,0.9173671233816448,0.9217972202424107,-0.93011552980469,0.9815355866806834,0.893763838553716,0.8477483996907016,0.9580941150466842,0.8121593522404392,0.7856035870709365,-0.6952123547241136,0.8304751217569226,0.938138150167276,0.41702844801182337,0.3068107512020502,0.844259647778141
pain,0.7093013199288672,0.7197921496845919,0.7370742695065075,0.8965039885336541,0.7079676417982994,-0.30992854433120326,0.724628748950904,0.4149161725695431,-0.05977534629805153,0.951907801582108,0.4949120715923271,0.9224904722994788,-0.72485304390064,0.5626770767953162,0.9280111038290886,-0.8235409778931606,0.7578894886033867,0.9570750822751103,0.9802358518177108,1.0,0.4737920964969728,0.9849864972242821,0.897085928533256,0.9650289354444804,0.9380814601589038,-0.8447721709408084,0.7462751426917387,0.9558677575473223,0.8828551192452402,0.9848183476854627,0.21746569085027434,0.8081150949822241,-0.9302307243803912,0.8952542036467767,-0.612576218343885,0.8739795130926957,0.42329370923719717,0.9688332742936789,0.9146809464093698,-0.32681909453766683,-0.0012855146260199453,0.5788461702758639,0.24548776186924984,0.8864393191648315,0.8826619964173422,0.9202304578850822,0.9897249735761404,0.5056280374859387,0.9313682984176994,0.8563256646036946,0.961175274549866,-0.9071648525402218,0.9844794471784768,0.9222670396615207,0.9111287312474045,0.9875039416215307,0.8220125034273964,0.723504308406799,-0.5701238543669276,0.9177827296112769,0.9465875961307806,0.43105156932481464,0.3362344558002935,0.7971565023963891
kill me,0.07509325391590525,-0.006525882447843107,0.029559196583068676,0.2564345090664979,0.040171210030608855,-0.4430494029025238,0.06978239907857794,0.16891361129559568,0.1644214328957419,0.49646791396687995,-0.0803128593306784,0.3153564612792008,-0.4959300004456567,0.44844447600291737,0.5145637052702202,-0.23754323105451483,0.3559838059130098,0.40015280811407467,0.4099942038799096,0.4737920964969728,1.0,0.40208313436816967,0.6219202823111216,0.3672171254976559,0.3346261863505004,-0.46166329490029984,0.11825269850959452,0.604459970079279,0.2849886917659994,0.43194881382106115,0.45013780103340084,0.25350959352615937,-0.47720510589463166,0.6019181053495516,-0.4950093212379025,0.32494350401800604,0.4170106807679679,0.5303612196372283,0.37671062035502334,-0.17036030518809422,0.17531632259744415,0.49921528367376866,0.17195261599488873,0.5688686194836814,0.26664032824796924,0.5709841366514046,0.499846841862827,0.027089603056935852,0.32830033629615785,0.24583945682599193,0.5661357552930127,-0.43642995776817506,0.4294824366644786,0.369493216643362,0.42858624623882685,0.44954206106194416,0.3023535017098934,0.0619122691157923,-0.08982292400114782,0.53334400743483,0.5026878798650942,0.06358716858108569,0.036286857239394454,0.35987849205685657
anxiety,0.7774039864068643,0.7941168518512779,0.8100204082270864,0.9534578521044805,0.7931711661364748,-0.36364808465853926,0.8267768840895067,0.48134595265384117,-0.11023547999603117,0.9327389265068519,0.5835679527068797,0.9522433746507388,-0.6091295844980685,0.436317308989009,0.8631423604632592,-0.8894538522975993,0.7603025055350858,0.954653142966966,0.9923668481842184,0.9849864972242821,0.40208313436816967,1.0,0.8210254102582392,0.9742219346541434,0.9598602231388982,-0.7743356624748184,0.8428471969238853,0.9214089882079475,0.925864244786928,0.9932679895932722,0.17949060091736024,0.8418791981878365,-0.9337811896676118,0.8421711448597017,-0.5925495173027898,0.936464886453554,0.31003300857970306,0.9211319205376635,0.9052845584686794,-0.39513846561386073,-0.06875552048598409,0.5456039464668232,0.30004397930337773,0.8272707024937926,0.9187641461362616,0.8548094046838478,0.9681998604400663,0.4474844075196189,0.9560502257164087,0.9041209659721617,0.9144621651094175,-0.9126206462994466,0.9842461506383628,0.9330617718194468,0.8737522446393786,0.9678906674763407,0.8612165946433605,0.7894049600883751,-0.6640359853704263,0.8485284405761063,0.914230620120351,0.4981104370150463,0.39739738065515645,0.813236596615601
social anxiety,0.49814831698237183,0.49455528193795156,0.5118174139634346,0.6759580167737533,0.47056779527699,-0.1827710107720568,0.42053259044287516,0.2000930603652678,0.07079397587616025,0.8677060269435163,0.24670751295695048,0.7431603575030523,-0.8350535564075472,0.8455255223345058,0.9033606205243729,-0.604206889081594,0.6054727366432482,0.8665155784369162,0.8156721872045739,0.897085928533256,0.6219202823111216,0.8210254102582392,1.0,0.8164486378587601,0.77853305104715,-0.8719965503426362,0.4397473490673812,0.9525560505830426,0.7142374078391583,0.8418349222889842,0.275547107349716,0.6086588452215719,-0.8617081378884552,0.8711773327424635,-0.5359957256407606,0.6531673061081633,0.5702685198897721,0.9518144267070149,0.7813083840170701,-0.28908563382791763,0.04523446375230099,0.5509420571081168,0.04526687365456843,0.8364058642828203,0.6611750121531565,0.9289351191637861,0.9075859870346157,0.4910888660574072,0.7722465867637996,0.5992281046685346,0.9414036089483426,-0.8285423641738645,0.8562710944351319,0.7888542819228642,0.8314725742838849,0.8857334931873151,0.7041127064203601,0.41363511430243144,-0.3157566336370638,0.9418426774554237,0.8829372271009885,0.3399249086017845,0.2818854171292816,0.624591834473301
worse,0.7743897926837976,0.835830934688187,0.835610754242193,0.9441895363412142,0.8020570287889673,-0.22985986391411894,0.806859731796741,0.3667329035780192,-0.1907963014816079,0.8815053402819674,0.674882049862691,0.9745878405328838,-0.6277205086215852,0.49114309374617937,0.8865208811446461,-0.8427920982942331,0.704537559939795,0.9562481989570836,0.9558264638819448,0.9650289354444804,0.3672171254976559,0.9742219346541434,0.8164486378587601,1.0,0.977104336571518,-0.8045047114751058,0.8017314716198753,0.8962774849970843,0.9392991188487458,0.9826277517102681,0.14465834026638014,0.91147715880206,-0.9217660205204445,0.778412998814278,-0.5241828979385296,0.8934596958500326,0.36391346409208136,0.9069426168065678,0.9191002802941513,-0.3159059327979587,-1.1987218885571595e-05,0.5108148228642323,0.26618541424044156,0.8334255400519436,0.9443921945599254,0.8788893602560774,0.9619008618751451,0.4902475369745119,0.9801393051811332,0.8605224248281389,0.9056593608721459,-0.8973639757545047,0.98156676413596,0.9775579977293641,0.8738755944781791,0.94294255330394,0.8670788182361706,0.771773420134232,-0.577507424550304,0.8435140783097136,0.8703401070080498,0.5574178069592542,0.45392760936364107,0.7481844541977952
unmotivated,0.8559399457943023,0.8850396420770515,0.8959332711597835,0.9662360317059753,0.8717487505789864,-0.20325475974918028,0.8496780631731723,0.3080186695518253,-0.27052761603092346,0.826422004222062,0.7513013776540146,0.9880961520269783,-0.5634542194547425,0.4419805633702449,0.8418245130327657,-0.858755746200529,0.6500726650860269,0.956515237346218,0.9285570576333843,0.9380814601589038,0.3346261863505004,0.9598602231388982,0.77853305104715,0.977104336571518,1.0,-0.7362532866527792,0.8606029290665671,0.8599670341699585,0.9763910237782272,0.9730740283444146,0.07363666838035346,0.9085699413471858,-0.8978792721206341,0.7215661590517913,-0.5629612290836096,0.9112603306561395,0.28592278486407036,0.8490540825638406,0.9185475353210556,-0.32666179558482844,0.03640737156824948,0.4356047934731289,0.15241726525081967,0.7565760711639176,0.9402020284154144,0.853093677124643,0.938435987661994,0.41692319460894417,0.9978228136848935,0.8344050847316057,0.8560313021934628,-0.8393610906957683,0.9576876811146117,0.9843416872389893,0.8753470221600719,0.9204022400479768,0.9191715690630178,0.7828740985971874,-0.5940658967116734,0.8248533877252823,0.806483303841199,0.665114017329519,0.569056933335266,0.6934457558704791
lost,-0.4972831200761498,-0.49302389880278796,-0.5113459816645702,-0.640703217267552,-0.442407748518502,0.004882680901568266,-0.3703688222615043,-0.06361473636775454,0.047570188346698794,-0.7692592400673749,-0.28103306901218494,-0.7363871568954483,0.9023616304869612,-0.7068093824899856,-0.8976939045925825,0.46092695997906824,-0.5901055096175617,-0.7869691701336801,-0.7539347717358027,-0.8447721709408084,-0.46166329490029984,-0.7743356624748184,-0.8719965503426362,-0.8045047114751058,-0.7362532866527792,1.0,-0.37298341372381677,-0.8240568892913052,-0.6686755817858405,-0.794313468413181,-0.18411028754027894,-0.6006569263965955,0.6930363501222282,-0.8032839339830735,0.4944545032914778,-0.5406167583796739,-0.7926407812170785,-0.9071547498530148,-0.8279528565677398,-0.05528363662137725,-0.19033850331878427,-0.4893810398985747,-0.06333584892154039,-0.9211694425620531,-0.6546363410098458,-0.885843799119893,-0.8792512831780747,-0.7471177036503827,-0.7323658665449527,-0.5831251474840512,-0.8558228826489745,0.6966973146922916,-0.7988137633340602,-0.7735606077861787,-0.8160958763624778,-0.8719777063463869,-0.6304634262496034,-0.424581109789163,0.1092866995308604,-0.9207759157533378,-0.8093059433426953,-0.2870096032311639,-0.24544420200024766,-0.5830819635410432
trauma,0.8544163872214467,0.8689866039652563,0.881648006352403,0.9332820702250694,0.9053595685644389,-0.41621965255922966,0.9787025383116014,0.5340106039500854,-0.2878181847169706,0.68051478422472,0.7715291142401391,0.8590791468954538,-0.1424256126702691,-0.00453758318747888,0.5138012263782846,-0.9251227323978019,0.5783885772746118,0.7590484988711246,0.8259773603077433,0.7462751426917387,0.11825269850959452,0.8428471969238853,0.4397473490673812,0.8017314716198753,0.8606029290665671,-0.37298341372381677,1.0,0.6279960098626901,0.8926842746621075,0.8212272862956324,-0.007389746284303389,0.7793436760976482,-0.7563302717382024,0.512984707159276,-0.46372177128241626,0.9451564205902239,-0.12489224834708687,0.5749259015496855,0.697581585851816,-0.49630599409282355,-0.2148282231728663,0.2999708595690756,0.2880153179765231,0.4498539780023848,0.8472889931201865,0.5135735619445617,0.7106518487541227,0.1321285679807799,0.8616692029118617,0.8429627840522577,0.5897067594722666,-0.7180169760229118,0.7849486534419903,0.7907928295952183,0.618270740863207,0.7168783355962723,0.8382051431083315,0.8588419186483908,-0.8314929758694269,0.4976031081707706,0.6097710399357814,0.6595450142318681,0.5569533267562808,0.6525913189491288
unwanted,0.5935199812481945,0.5964963550123222,0.6151665399039904,0.8104755577216737,0.5890487566510705,-0.3641432290858269,0.6090860858409262,0.39534786063590527,0.036813600055107365,0.9377783633429008,0.3602539149484045,0.8432158212386627,-0.7222660792711331,0.670191001379605,0.8850227470898757,-0.7760374237640677,0.731656680497065,0.9224872716187831,0.9220784051039395,0.9558677575473223,0.604459970079279,0.9214089882079475,0.9525560505830426,0.8962774849970843,0.8599670341699585,-0.8240568892913052,0.6279960098626901,1.0,0.8141276972897544,0.933920189849521,0.337543795771585,0.7131270483824883,-0.9402804595886548,0.9082749831466088,-0.6317159737233634,0.8220601140396209,0.3973407970767858,0.9622061544606865,0.8279412210545907,-0.4096731986445597,-0.024969338225412585,0.6342478006197134,0.23348170366613688,0.8384833342737341,0.7735622374917329,0.9129106047069756,0.9547928522042565,0.39012830114805125,0.8556058026797141,0.7671013823147657,0.9708950794416805,-0.928607864035975,0.9386591512950407,0.8514882858068962,0.840048422175443,0.9381925994412181,0.793236453119459,0.5507655871031758,-0.5221246508459083,0.8998219685256694,0.9391862956751684,0.40869149653531145,0.3239565374041753,0.7680278834039864
bpd,0.9148855482605301,0.9293140484444523,0.9451987238490037,0.9766034666643597,0.9303904838053397,-0.18873668311797379,0.8937876877853225,0.27812215573558635,-0.34974507881217015,0.7587178187551523,0.7918853766738203,0.9759323701257441,-0.4505588331374485,0.36904285084507765,0.7303549368552872,-0.871096695572348,0.5975964814348584,0.9034808041285909,0.8823624771666967,0.8828551192452402,0.2849886917659994,0.925864244786928,0.7142374078391583,0.9392991188487458,0.9763910237782272,-0.6686755817858405,0.8926842746621075,0.8141276972897544,1.0,0.939526945804689,0.06020368570834178,0.8626480808144066,-0.8903955832979623,0.6290579359620239,-0.4992269767751794,0.9205496458248362,0.20490425320276956,0.7753732869963645,0.8677087990540278,-0.3947128904336561,-0.09639747719532425,0.3941759432207423,0.12162668644382969,0.656010362089348,0.8854120315248452,0.7575214071506976,0.8853119866351378,0.3212288415260593,0.9825122054193995,0.801801722303071,0.7751213513333063,-0.8219805857156305,0.9001990161341527,0.9564330920589639,0.7908151032826367,0.8629110901918758,0.9682928658000572,0.7624579595525874,-0.6376412808195225,0.7431550521878156,0.7266824069199354,0.7771106898556709,0.6954713874969223,0.6377146563877112
ptsd,0.7884020383136571,0.8020249883711725,0.8199454415181281,0.9498996346115741,0.7963654589186764,-0.30768809584240436,0.808287865316339,0.403110871685807,-0.16013100501631858,0.9099880846077066,0.6117519860668005,0.9681678736020911,-0.6374070997315162,0.4757915044833978,0.8831203412660824,-0.8688085436737168,0.751024795163567,0.9625336179109913,0.9768693333742863,0.9848183476854627,0.43194881382106115,0.9932679895932722,0.8418349222889842,0.9826277517102681,0.9730740283444146,-0.794313468413181,0.8212272862956324,0.933920189849521,0.939526945804689,1.0,0.20364804317143287,0.8629573178821167,-0.9377139251814682,0.8316626371272134,-0.6181618514844421,0.9209029151203517,0.3319802563891115,0.9223097094465978,0.9279905817503727,-0.35502836479757854,-0.0019594429606975836,0.5638792951557733,0.25365037866638324,0.8383783250374117,0.914358253264248,0.8885650335970822,0.9789260690113625,0.428337857653857,0.9693209795925085,0.8805059333867654,0.9255255990340839,-0.9032162414918656,0.9861896732896948,0.9566718905484014,0.8940971007984073,0.9698557479911484,0.8818260285438804,0.7579882542500002,-0.619750023299497,0.8680296331600523,0.9022369923790848,0.5412863830805721,0.4433992428925611,0.7898593660085459
suicide,-0.08975804943163018,-0.169432372954725,-0.1330312413534059,0.026663862389799523,-0.13970608673140364,-0.27962632824674016,-0.06627951740379595,0.10679709244730093,0.3768294730633777,0.3195332866655195,-0.21353903595720844,0.16383665525011704,-0.20379392023132328,0.1592166017228727,0.21088605875952626,-0.1300334808907514,0.6896845881098547,0.1612545262108402,0.20561506582882969,0.21746569085027434,0.45013780103340084,0.17949060091736024,0.275547107349716,0.14465834026638014,0.07363666838035346,-0.18411028754027894,-0.007389746284303389,0.337543795771585,0.06020368570834178,0.20364804317143287,1.0,0.004435542418083183,-0.2902967281529501,0.44823421344569503,-0.32736028055493654,0.19685158193405458,-0.07012574693619603,0.27948455978959147,0.2536294403731803,-0.1467548816953235,0.015888943387936005,0.9100000339853305,0.5505035300644934,0.31677794069370724,0.1134573222454161,0.27557012794696245,0.24830069475990588,-0.27619722512184386,0.07775155167253156,0.37856983892733426,0.39455384068075317,-0.3318936886518326,0.18838189614092699,0.08050413830130862,0.17362461170337,0.24033987310960456,0.15883185546182302,-0.22601731096285016,-0.2450069690847837,0.16809384249012838,0.3990544362124043,-0.014972269395393166,-0.03729339280562212,0.5735119273398409
vulnerable,0.6967122154468197,0.8550574657420413,0.8173061411245479,0.8711723986438107,0.7943271290088735,-0.1691145613064197,0.8169121649731096,0.34580188879894047,-0.3990340894582289,0.6818629203387913,0.8386956514602356,0.8993819987449373,-0.41248183732314947,0.3120378410672251,0.7632341453372218,-0.7946080291701149,0.5201757593568875,0.8442314167694491,0.8174384136201808,0.8081150949822241,0.25350959352615937,0.8418791981878365,0.6086588452215719,0.91147715880206,0.9085699413471858,-0.6006569263965955,0.7793436760976482,0.7131270483824883,0.8626480808144066,0.8629573178821167,0.004435542418083183,1.0,-0.7934887207383663,0.5393200551272007,-0.44205742988134195,0.8036326280041461,0.19161927427084674,0.7050053460982693,0.7979293400680497,-0.27526508504213054,0.16346165500164025,0.3533912907310805,0.23400887764197656,0.6780340821781874,0.915910855768183,0.7465602492014511,0.7953065547792209,0.3194294880043055,0.9137916962030768,0.7429958817002817,0.7346879004305114,-0.7407001601993034,0.8788405356780545,0.9318536619062642,0.7278775573012164,0.7548049496601644,0.7373359099674345,0.8170562836993095,-0.5182797785028055,0.638694073106506,0.6582576813084222,0.5359436871723567,0.40962462555937695,0.5683908243422909
lonely,-0.6958089241720921,-0.7522375640934365,-0.7513725432032464,-0.8840290603135894,-0.7412354589071035,0.35257714310339255,-0.7644535611972736,-0.46129623313815277,0.08846282848769323,-0.8986049573057182,-0.533759603757301,-0.8877840399375136,0.5355702267018452,-0.5570378878836184,-0.7939329658846803,0.8788310755350246,-0.69775532233009,-0.9113037571640542,-0.9272462272446994,-0.9302307243803912,-0.47720510589463166,-0.9337811896676118,-0.8617081378884552,-0.9217660205204445,-0.8978792721206341,0.6930363501222282,-0.7563302717382024,-0.9402804595886548,-0.8903955832979623,-0.9377139251814682,-0.2902967281529501,-0.7934887207383663,1.0,-0.7838020819351369,0.48270317849446037,-0.8995750577247618,-0.21457020318068903,-0.8904701349365153,-0.8019871495249898,0.5837210335824554,0.2194638358212307,-0.5919306616291142,-0.2871496588833282,-0.7316783296695404,-0.8240120738197928,-0.8123071010462459,-0.909186825385678,-0.2571633616254739,-0.9070326861334697,-0.8102748897564181,-0.9023730845432169,0.9591264524067725,-0.9326937757473179,-0.8888597992672922,-0.7671738997381887,-0.8814603500572952,-0.8546474266616769,-0.672359742213276,0.6889775693472204,-0.7795345339797115,-0.8717623836537103,-0.5325103910703947,-0.4359522891986787,-0.7429221965674231
sad,0.42145271565436665,0.35568132434786426,0.39577811162982035,0.6575241216094125,0.3642850745231948,-0.42659150757774256,0.43491496811407965,0.4486503359587918,0.3013630146694567,0.9462663014586721,0.11328675823178606,0.713819579795852,-0.7787116500241368,0.567923882416137,0.8722905272391742,-0.6324190089505153,0.835464682512756,0.8229009196708208,0.8701408484448965,0.8952542036467767,0.6019181053495516,0.8421711448597017,0.8711773327424635,0.778412998814278,0.7215661590517913,-0.8032839339830735,0.512984707159276,0.9082749831466088,0.6290579359620239,0.8316626371272134,0.44823421344569503,0.5393200551272007,-0.7838020819351369,1.0,-0.7018754679024077,0.7148182008898947,0.44840792013749353,0.9338821294238865,0.7890154504742769,-0.23954926853729736,0.054981111500981034,0.7127360937273078,0.3799797106553333,0.8816408647566184,0.7144512827847349,0.8716846821803326,0.8954899881567088,0.485041437667562,0.7032302612937801,0.7839433320115814,0.9436398973604414,-0.8148548522747662,0.851958932454776,0.6951061430630081,0.8320523540256171,0.9132374481548993,0.611426922450456,0.4579188133127056,-0.44313222288163995,0.8805510402607091,0.9633392143967409,0.1503343675403499,0.0735041664763618,0.8599164395689038
miserable,-0.4194958488016977,-0.24944601390222254,-0.32505954901647616,-0.4997003370673312,-0.2901462866359734,0.23194043431342531,-0.3474141603913382,-0.22443024412834656,0.059500557732449916,-0.5556635729742924,-0.20362175929071324,-0.5618576385438572,0.5388043400748391,-0.18656664007505175,-0.6167857365514133,0.44233422116377974,-0.5816481175288183,-0.5747631265728684,-0.5806218209422432,-0.612576218343885,-0.4950093212379025,-0.5925495173027898,-0.5359957256407606,-0.5241828979385296,-0.5629612290836096,0.4944545032914778,-0.46372177128241626,-0.6317159737233634,-0.4992269767751794,-0.6181618514844421,-0.32736028055493654,-0.44205742988134195,0.48270317849446037,-0.7018754679024077,1.0,-0.5382229200328874,-0.20043257677521062,-0.5721099804527251,-0.6541450887519792,-0.013890240268671243,-0.40793749094228365,-0.5052560997118378,-0.13544608102923672,-0.6187055089303946,-0.5090383359230393,-0.6763099685787569,-0.6463642309460514,-0.1454935866907808,-0.5256616248511914,-0.5356113872212674,-0.6313776473104369,0.4172569800690843,-0.5936797382879635,-0.5454929303823955,-0.6815984679001432,-0.6599084040037434,-0.4917452409624767,-0.3650264264653461,0.21521328297893105,-0.6412281985317867,-0.5769059371471137,-0.23228675824313055,-0.1817475850945766,-0.5683772989175426
low,0.7906325041242959,0.8129027665690848,0.8246616049566677,0.9574273490231299,0.8402555735566034,-0.5174767682067112,0.9228234372363574,0.594718559027461,-0.09970175663905378,0.8523743019881133,0.6546357158834375,0.913764535302996,-0.3166412829440585,0.22152713240613978,0.6608990063434536,-0.9649517405473077,0.7315298013013257,0.8827067962552603,0.9335022495824087,0.8739795130926957,0.32494350401800604,0.936464886453554,0.6531673061081633,0.8934596958500326,0.9112603306561395,-0.5406167583796739,0.9451564205902239,0.8220601140396209,0.9205496458248362,0.9209029151203517,0.19685158193405458,0.8036326280041461,-0.8995750577247618,0.7148182008898947,-0.5382229200328874,1.0,-0.004008620303357885,0.7625510939786142,0.7776563837512718,-0.5838675549816758,-0.21668807780638985,0.5029679973675064,0.4033185918506908,0.6122623294471116,0.8983966345772486,0.6749015811147662,0.8466560255733167,0.19583907564560046,0.9135407692789071,0.9188593509486219,0.7851800988283721,-0.8909242959427293,0.9045247435116494,0.8552179503574137,0.7105628896805901,0.8428798839358962,0.8850596438119244,0.777650461704845,-0.8353160216063883,0.6468785359885839,0.8017330926040112,0.6075407022721978,0.4987793138437621,0.8059366090174859
hopeless,0.12890234619275312,0.07753472644880803,0.1019690786685941,0.16186347604764845,0.022932169562396514,0.28719672642911753,-0.12050956744954458,-0.2809673322095042,-0.03188766718006996,0.3346828590306761,-0.06955526474355803,0.2668102438662798,-0.8358074402562081,0.6110119862616681,0.6140837646090308,0.09962188256721524,0.11557248361928257,0.32856063994860785,0.28258742260238884,0.42329370923719717,0.4170106807679679,0.31003300857970306,0.5702685198897721,0.36391346409208136,0.28592278486407036,-0.7926407812170785,-0.12489224834708687,0.3973407970767858,0.20490425320276956,0.3319802563891115,-0.07012574693619603,0.19161927427084674,-0.21457020318068903,0.44840792013749353,-0.20043257677521062,-0.004008620303357885,1.0,0.548481160333495,0.45950143741084326,0.44627867128208365,0.3097781990532525,0.10634292120542166,-0.21884963934207174,0.6899082996693324,0.20100084745074429,0.5750314831768054,0.4764550342459523,0.7969396798847022,0.27949469811667926,0.05311191641830625,0.44470606174860994,-0.19443623078569136,0.3370382731352912,0.36827564855297684,0.5136378059945788,0.4661751505843114,0.1602904995740742,0.08495789964033908,0.42060956109752146,0.6631538961570842,0.3886966397096088,-0.05286304481934848,-0.022847285433095665,0.09183956933403396
aching,0.5713961165390434,0.5790484429715909,0.5954044909540042,0.7832305188254133,0.5544095269359286,-0.27074357455871784,0.5538448336754768,0.36282254645242845,0.09179754786872281,0.9516709289371261,0.32247059073013484,0.834310312969952,-0.8203316602264198,0.690902761327849,0.9424810043312366,-0.6997249253278912,0.7465406894958606,0.9244599188990504,0.9244015450805679,0.9688332742936789,0.5303612196372283,0.9211319205376635,0.9518144267070149,0.9069426168065678,0.8490540825638406,-0.9071547498530148,0.5749259015496855,0.9622061544606865,0.7753732869963645,0.9223097094465978,0.27948455978959147,0.7050053460982693,-0.8904701349365153,0.9338821294238865,-0.5721099804527251,0.7625510939786142,0.548481160333495,1.0,0.8717386917107586,-0.2838661765267121,0.015643851769927285,0.608120231681844,0.2535944827118301,0.9231719539581054,0.8007086164124029,0.9345335756648215,0.9694502113170601,0.5917267912675545,0.8422440019957437,0.7768518320877855,0.9798394805342352,-0.8888736703617113,0.9395809186458863,0.8513880025002376,0.8859173553100659,0.9651764380527372,0.7291694462718412,0.5694674626932089,-0.4290640787828656,0.9438553762326618,0.9657618436260975,0.3066303783675941,0.22869825537953847,0.7816840826241627
always,0.7937540485475896,0.7332423055730132,0.7789464175229167,0.8514468530941017,0.7282713140435312,-0.06145232412501733,0.6595953074979167,0.14652949318269115,-0.17657253493260364,0.7910120987219825,0.5828172052236466,0.9378103457993078,-0.7348240471301795,0.4515225560526185,0.8935338840490303,-0.6664742152276653,0.7632217480042486,0.9026141556381111,0.8660810331581648,0.9146809464093698,0.37671062035502334,0.9052845584686794,0.7813083840170701,0.9191002802941513,0.9185475353210556,-0.8279528565677398,0.697581585851816,0.8279412210545907,0.8677087990540278,0.9279905817503727,0.2536294403731803,0.7979293400680497,-0.8019871495249898,0.7890154504742769,-0.6541450887519792,0.7776563837512718,0.45950143741084326,0.8717386917107586,1.0,-0.08930888952246832,0.19973179341950503,0.5926522218868576,0.1954047827198938,0.8853986963354136,0.8726101027441934,0.904670831680449,0.9458468497651078,0.5237088244471086,0.9064946969042843,0.820966362734854,0.8745992471944638,-0.7314401953503822,0.8976769507847882,0.9269902675863376,0.9519976377387235,0.9414315130127117,0.8236662964738094,0.6327373329189211,-0.4021081913277429,0.8833803610816138,0.8324506089873779,0.5265743086008146,0.4622864882555976,0.7532262451837806
never,-0.2735721484903976,-0.38248182436960176,-0.34716521538114514,-0.4419628514918092,-0.4282769331092097,0.6192325450112609,-0.5294702655503508,-0.6700485907326859,-0.17607204362638307,-0.43825431959186223,-0.21610867211661505,-0.3066426680650444,-0.24329411024531122,-0.09503598121597776,-0.044479004688460264,0.6499085075828243,-0.26999922534640974,-0.3963289021604493,-0.4252623453893776,-0.32681909453766683,-0.17036030518809422,-0.39513846561386073,-0.28908563382791763,-0.3159059327979587,-0.32666179558482844,-0.05528363662137725,-0.49630599409282355,-0.4096731986445597,-0.3947128904336561,-0.35502836479757854,-0.1467548816953235,-0.27526508504213054,0.5837210335824554,-0.23954926853729736,-0.013890240268671243,-0.5838675549816758,0.44627867128208365,-0.2838661765267121,-0.08930888952246832,1.0,0.634482517598657,-0.2062843929350843,-0.3675018402976474,0.009556243001907912,-0.3256051508508986,-0.072655143250693,-0.2554869934644629,0.3040978149029475,-0.345973361383219,-0.40988204917066906,-0.2990856221775341,0.5867375995218957,-0.3739786204952882,-0.27041204254528217,-0.03536040024849036,-0.2339511926876326,-0.4068981892318026,-0.30518711347463423,0.737302104959015,-0.05634376628190918,-0.35217956139418943,-0.27677060105429285,-0.21506909708396563,-0.3866783763510137
down,-0.13238309946752586,-0.14534088123985947,-0.1386481139302354,-0.13487619481991206,-0.1833128251586696,0.2681643603735156,-0.2574965908345155,-0.3941030217379929,-0.18951112270643306,-0.1280279810116902,0.07628397438443384,0.02460362911246189,-0.3268153838834916,0.1030376400991502,0.27350751639933674,0.2566130388774989,-0.008009434836724104,0.057154100044370264,-0.09356250764018126,-0.0012855146260199453,0.17531632259744415,-0.06875552048598409,0.04523446375230099,-1.1987218885571595e-05,0.03640737156824948,-0.19033850331878427,-0.2148282231728663,-0.024969338225412585,-0.09639747719532425,-0.0019594429606975836,0.015888943387936005,0.16346165500164025,0.2194638358212307,0.054981111500981034,-0.40793749094228365,-0.21668807780638985,0.3097781990532525,0.015643851769927285,0.19973179341950503,0.634482517598657,1.0,0.054139473088209274,-0.2496089204183829,0.24376922056584296,0.05172154462795991,0.29360409902290396,0.059023338472518005,0.1467270834258434,-0.0021566449345825247,-0.11888102525619625,0.0842324445883847,0.2745537802371346,0.02809915676697362,0.08906895442458428,0.23506981892507922,0.04696152538115494,-0.15012741563137358,-0.11216580048303883,0.5046994062438508,0.19363492740944968,-0.038456112267738304,-0.13901173722538904,-0.15063634623990654,-0.08517390352515508
stressed,0.21016695255630233,0.1660715851586224,0.19773556099738251,0.3822703793772229,0.17889312043063402,-0.33035018801979527,0.25087057471392366,0.26202150399743845,0.2428556149025446,0.6332288440310792,0.04661504454095384,0.5093066425057257,-0.45565390126066746,0.31015778451488185,0.5531624220642487,-0.43946836955204965,0.8961201003712049,0.5065389027433136,0.5658692517335971,0.5788461702758639,0.49921528367376866,0.5456039464668232,0.5509420571081168,0.5108148228642323,0.4356047934731289,-0.4893810398985747,0.2999708595690756,0.6342478006197134,0.3941759432207423,0.5638792951557733,0.9100000339853305,0.3533912907310805,-0.5919306616291142,0.7127360937273078,-0.5052560997118378,0.5029679973675064,0.10634292120542166,0.608120231681844,0.5926522218868576,-0.2062843929350843,0.054139473088209274,1.0,0.5705380114904169,0.6331797134167498,0.4582178713121996,0.5878964031464428,0.5940165045700837,-0.012504990038138035,0.43504608841397724,0.6799915809723837,0.700237141201212,-0.616817868034338,0.5511827135813114,0.4364279689761651,0.5128166068010279,0.5932785509151253,0.42968099628928047,0.14708338600340984,-0.4359409756012922,0.49043002870986935,0.7051802324060367,0.11711328201475954,0.05407577947089059,0.8051164930498909
helpless,-0.025231886336756774,0.03417722620518337,0.02055813572617804,0.24053659776652023,0.04337940710131599,-0.6139312659592681,0.26929425896419484,0.6740158595999424,0.4834779299240106,0.417185943877065,-0.0015168938198539081,0.2344678609423456,0.07539569080681462,-0.24825201561059929,0.12806735993446103,-0.3381298992044454,0.6356873460720697,0.2282142988355877,0.3623744585283149,0.24548776186924984,0.17195261599488873,0.30004397930337773,0.04526687365456843,0.26618541424044156,0.15241726525081967,-0.06333584892154039,0.2880153179765231,0.23348170366613688,0.12162668644382969,0.25365037866638324,0.5505035300644934,0.23400887764197656,-0.2871496588833282,0.3799797106553333,-0.13544608102923672,0.4033185918506908,-0.21884963934207174,0.2535944827118301,0.1954047827198938,-0.3675018402976474,-0.2496089204183829,0.5705380114904169,1.0,0.28647444277806916,0.4065609598638316,0.09041369271624511,0.2244472801755848,-0.010256261666178292,0.165040481176398,0.5933284931142068,0.3019013759367866,-0.42884181005487226,0.29709698889567887,0.1466249134090024,0.08729728450710728,0.23137170552174374,0.09119958369670882,0.18294676784146424,-0.48062359009816313,-0.009845414783960758,0.4195462869605581,-0.1425826551374373,-0.22077066829313344,0.6883624683148464
worthless,0.4807020119018179,0.4624739025748915,0.4883229436657155,0.6673953354785015,0.4306263572858131,-0.1564209298489718,0.4232325787287605,0.24092993396597334,0.011731719067089957,0.8318038223629667,0.2772582963096204,0.7636568731283591,-0.8770205055550195,0.5608680417519395,0.9447243839545941,-0.5155524112853831,0.7284341962078127,0.8027840063514713,0.8219773749621833,0.8864393191648315,0.5688686194836814,0.8272707024937926,0.8364058642828203,0.8334255400519436,0.7565760711639176,-0.9211694425620531,0.4498539780023848,0.8384833342737341,0.656010362089348,0.8383783250374117,0.31677794069370724,0.6780340821781874,-0.7316783296695404,0.8816408647566184,-0.6187055089303946,0.6122623294471116,0.6899082996693324,0.9231719539581054,0.8853986963354136,0.009556243001907912,0.24376922056584296,0.6331797134167498,0.28647444277806916,1.0,0.7433629403358554,0.9163025061129496,0.9063557236359837,0.6452994639555574,0.7450084667046128,0.7093208409998661,0.9031247284495529,-0.714294939982372,0.8469559467116278,0.7951496383139404,0.881064152109653,0.9022262090682419,0.5763821550141964,0.5325030261656288,-0.2244389360207703,0.9034893352738104,0.8767898394205775,0.16308424595687215,0.09550138956220523,0.7245925271399681
insecure,0.7419230608120716,0.809780580583669,0.8051424451558902,0.9169969666143842,0.7852267115120146,-0.3068190699701,0.8265469053064476,0.44806894541841813,-0.09614807516158694,0.8263838234580914,0.7220476204955251,0.9430660892334621,-0.4716458708559475,0.3013274347268027,0.7985754739397224,-0.8296306596697935,0.7142062216998656,0.9224835021064358,0.9104972471959694,0.8826619964173422,0.26664032824796924,0.9187641461362616,0.6611750121531565,0.9443921945599254,0.9402020284154144,-0.6546363410098458,0.8472889931201865,0.7735622374917329,0.8854120315248452,0.914358253264248,0.1134573222454161,0.915910855768183,-0.8240120738197928,0.7144512827847349,-0.5090383359230393,0.8983966345772486,0.20100084745074429,0.8007086164124029,0.8726101027441934,-0.3256051508508986,0.05172154462795991,0.4582178713121996,0.4065609598638316,0.7433629403358554,1.0,0.7820314098068994,0.8772064157428164,0.44706296242981325,0.9378984294502919,0.8998200507080489,0.820979968705162,-0.8164095808757296,0.9321095182131908,0.9253737302224432,0.8157511419523807,0.8646360698286855,0.8046610081246182,0.7790846384747873,-0.6167228721837531,0.719617219235327,0.8061013999298827,0.530413272288692,0.4150082169136408,0.7820249586272823
stuck,0.5685827877208235,0.5527439959779165,0.5778912410662362,0.7243772447534036,0.5174980100695513,-0.0943087312764061,0.4749783034461468,0.1356669450710322,-0.050530535287451966,0.8393326300866896,0.3990833129412575,0.8327197907918776,-0.8729684420765358,0.7181736914163034,0.9826945969362033,-0.5962561191155635,0.6763506147573548,0.8933788891369652,0.8390657014175095,0.9202304578850822,0.5709841366514046,0.8548094046838478,0.9289351191637861,0.8788893602560774,0.853093677124643,-0.885843799119893,0.5135735619445617,0.9129106047069756,0.7575214071506976,0.8885650335970822,0.27557012794696245,0.7465602492014511,-0.8123071010462459,0.8716846821803326,-0.6763099685787569,0.6749015811147662,0.5750314831768054,0.9345335756648215,0.904670831680449,-0.072655143250693,0.29360409902290396,0.5878964031464428,0.09041369271624511,0.9163025061129496,0.7820314098068994,1.0,0.94642039631216,0.533334359234736,0.8381601635801628,0.6818695609680306,0.9529808358618878,-0.7644321311425568,0.8985825204230797,0.8730424932755297,0.943992161459169,0.9273275123928002,0.7144750705302526,0.5145620221897096,-0.27855640366366663,0.9654897986671639,0.875032468510364,0.3694939520902896,0.2932170710673629,0.672716514962795
hurting,0.7248091788810201,0.7046876280312188,0.7338006952043343,0.8825648982225813,0.6940283583737386,-0.24297609552363017,0.6812119401875034,0.31662366530145797,-0.06041201758205032,0.9246214464515267,0.4950081611074308,0.9327178880983106,-0.7669071364034055,0.5861761628765833,0.9381871783128441,-0.7674169622686741,0.761337687330785,0.9583245213401397,0.9528535304019302,0.9897249735761404,0.499846841862827,0.9681998604400663,0.9075859870346157,0.9619008618751451,0.938435987661994,-0.8792512831780747,0.7106518487541227,0.9547928522042565,0.8853119866351378,0.9789260690113625,0.24830069475990588,0.7953065547792209,-0.909186825385678,0.8954899881567088,-0.6463642309460514,0.8466560255733167,0.4764550342459523,0.9694502113170601,0.9458468497651078,-0.2554869934644629,0.059023338472518005,0.5940165045700837,0.2244472801755848,0.9063557236359837,0.8772064157428164,0.94642039631216,1.0,0.5334402175217541,0.930952828734965,0.8349811519049251,0.9641616793311022,-0.8802008447236825,0.9712746868803122,0.9335029057819435,0.9363095402237932,0.9922852149590726,0.8435274518397887,0.6563251274006247,-0.49287332604692646,0.9415784684834355,0.9344129625289892,0.4782828035504738,0.396567411791455,0.7889166930258845
numb,0.2889973810799756,0.27777160026733905,0.2909000799336711,0.3548997076648646,0.21337979282170597,0.18662543064398449,0.127322018574628,-0.013291665944280719,0.12928910338714525,0.46519753772284805,0.09101811492015893,0.39764304254386695,-0.7226816668735667,0.4578934651974591,0.6134125724555518,-0.10176052632787448,0.23878592918239108,0.47781533819354993,0.4409317394760336,0.5056280374859387,0.027089603056935852,0.4474844075196189,0.4910888660574072,0.4902475369745119,0.41692319460894417,-0.7471177036503827,0.1321285679807799,0.39012830114805125,0.3212288415260593,0.428337857653857,-0.27619722512184386,0.3194294880043055,-0.2571633616254739,0.485041437667562,-0.1454935866907808,0.19583907564560046,0.7969396798847022,0.5917267912675545,0.5237088244471086,0.3040978149029475,0.1467270834258434,-0.012504990038138035,-0.010256261666178292,0.6452994639555574,0.44706296242981325,0.533334359234736,0.5334402175217541,1.0,0.4056463065137082,0.30533300223847126,0.46935147595127147,-0.31284546857702217,0.4652420027709527,0.44589250329067004,0.5784024319618941,0.5610081403481353,0.24819295271523206,0.30229566348804326,0.17178780275950326,0.6416384666865862,0.49829090755886263,-0.007535277702316469,-0.009904680729698979,0.29401520759587463
intrusive,0.8556315051071193,0.8983555797833078,0.904085493401578,0.9689054604743984,0.8803956670691219,-0.1992766696407701,0.8594179369234424,0.30874674475013897,-0.28472655510107137,0.8204075770453351,0.7660159469856174,0.989285373783494,-0.5433654065669117,0.4421057080489476,0.8275287037146051,-0.8646297111477151,0.6408152566276906,0.9485854838505462,0.9240269850194507,0.9313682984176994,0.32830033629615785,0.9560502257164087,0.7722465867637996,0.9801393051811332,0.9978228136848935,-0.7323658665449527,0.8616692029118617,0.8556058026797141,0.9825122054193995,0.9693209795925085,0.07775155167253156,0.9137916962030768,-0.9070326861334697,0.7032302612937801,-0.5256616248511914,0.9135407692789071,0.27949469811667926,0.8422440019957437,0.9064946969042843,-0.345973361383219,-0.0021566449345825247,0.43504608841397724,0.165040481176398,0.7450084667046128,0.9378984294502919,0.8381601635801628,0.930952828734965,0.4056463065137082,1.0,0.8309222710252302,0.8478817474526079,-0.8518562308173333,0.9532991806741465,0.9860821499967394,0.8529902146760467,0.9086032149426696,0.9265582438161502,0.7833945565456422,-0.6049264043958771,0.806999812924697,0.7965379607506416,0.6835801693127466,0.5868148830635576,0.6840099513664961
don't know why,0.6777450653174293,0.6853056713601483,0.704052904206441,0.8643815990281971,0.7016033603543479,-0.48206412054437,0.8038617082938825,0.5889158138001195,0.07037147150047991,0.8687594103540786,0.5203505202765836,0.8695560394264533,-0.4010847723336002,0.16742529589135724,0.6984505692088171,-0.8592678919485657,0.9082454935417383,0.8384430542177076,0.9173671233816448,0.8563256646036946,0.24583945682599193,0.9041209659721617,0.5992281046685346,0.8605224248281389,0.8344050847316057,-0.5831251474840512,0.8429627840522577,0.7671013823147657,0.801801722303071,0.8805059333867654,0.37856983892733426,0.7429958817002817,-0.8102748897564181,0.7839433320115814,-0.5356113872212674,0.9188593509486219,0.05311191641830625,0.7768518320877855,0.820966362734854,-0.40988204917066906,-0.11888102525619625,0.6799915809723837,0.5933284931142068,0.7093208409998661,0.8998200507080489,0.6818695609680306,0.8349811519049251,0.30533300223847126,0.8309222710252302,1.0,0.8073615086871874,-0.8448551114464202,0.8755842597195833,0.7828902665371167,0.7415498946324156,0.8552327625470978,0.7557883444204126,0.7091111822023186,-0.7795538215872951,0.6401108512800702,0.8647390336348258,0.4065536074142437,0.2968221807061473,0.9459814987903852
crying,0.5444672564600392,0.5595688252122576,0.5733919505148967,0.7729781351239468,0.534720568536781,-0.30679099168535096,0.5564576905478595,0.3657994496469018,0.10080976097463178,0.9506251732477594,0.35035730758323397,0.846882095337489,-0.7823736656480219,0.6761780917494972,0.9443351722927,-0.7259037139895805,0.8036743369883462,0.9297131010765347,0.9217972202424107,0.961175274549866,0.5661357552930127,0.9144621651094175,0.9414036089483426,0.9056593608721459,0.8560313021934628,-0.8558228826489745,0.5897067594722666,0.9708950794416805,0.7751213513333063,0.9255255990340839,0.39455384068075317,0.7346879004305114,-0.9023730845432169,0.9436398973604414,-0.6313776473104369,0.7851800988283721,0.44470606174860994,0.9798394805342352,0.8745992471944638,-0.2990856221775341,0.0842324445883847,0.700237141201212,0.3019013759367866,0.9031247284495529,0.820979968705162,0.9529808358618878,0.9641616793311022,0.46935147595127147,0.8478817474526079,0.8073615086871874,1.0,-0.9000978829516758,0.9466109859712493,0.854363659476314,0.8854908652273066,0.9536318024016343,0.7395304150736026,0.5451443988912896,-0.4758059576165503,0.92015842263392,0.9692561674263672,0.3322361995294922,0.23957821236783763,0.8223598750021085
nothing matters,-0.5819100806471491,-0.6694718980860023,-0.656302934120233,-0.8447542144444943,-0.6482421954191586,0.4737064830502243,-0.7294806113611997,-0.5652333453746493,-0.07907531275083346,-0.937283359273421,-0.43952676467411594,-0.8381597143405397,0.5055462757476644,-0.5350483079424037,-0.7604137624529945,0.8772854661663313,-0.7483528716143696,-0.8848826482845968,-0.93011552980469,-0.9071648525402218,-0.43642995776817506,-0.9126206462994466,-0.8285423641738645,-0.8973639757545047,-0.8393610906957683,0.6966973146922916,-0.7180169760229118,-0.928607864035975,-0.8219805857156305,-0.9032162414918656,-0.3318936886518326,-0.7407001601993034,0.9591264524067725,-0.8148548522747662,0.4172569800690843,-0.8909242959427293,-0.19443623078569136,-0.8888736703617113,-0.7314401953503822,0.5867375995218957,0.2745537802371346,-0.616817868034338,-0.42884181005487226,-0.714294939982372,-0.8164095808757296,-0.7644321311425568,-0.8802008447236825,-0.31284546857702217,-0.8518562308173333,-0.8448551114464202,-0.9000978829516758,1.0,-0.9207598680714975,-0.8164544778265465,-0.6982493887619005,-0.8631793361490769,-0.7931905220870745,-0.6216003428842716,0.7183647100100553,-0.7335750146515454,-0.9083318734037098,-0.4368612361821652,-0.3286676546552685,-0.8108195616879522
empty,0.7049349520411257,0.7634400323526022,0.7632737523939219,0.9211962131851866,0.7394078338492474,-0.3441557018174987,0.7751350501804535,0.46246743641525995,-0.08380237229837316,0.9365072873609772,0.5826045973474849,0.9431553853982656,-0.6444184229986502,0.5182201827895405,0.9053115622651204,-0.8656878325423577,0.7441049161610181,0.9761704584711985,0.9815355866806834,0.9844794471784768,0.4294824366644786,0.9842461506383628,0.8562710944351319,0.98156676413596,0.9576876811146117,-0.7988137633340602,0.7849486534419903,0.9386591512950407,0.9001990161341527,0.9861896732896948,0.18838189614092699,0.8788405356780545,-0.9326937757473179,0.851958932454776,-0.5936797382879635,0.9045247435116494,0.3370382731352912,0.9395809186458863,0.8976769507847882,-0.3739786204952882,0.02809915676697362,0.5511827135813114,0.29709698889567887,0.8469559467116278,0.9321095182131908,0.8985825204230797,0.9712746868803122,0.4652420027709527,0.9532991806741465,0.8755842597195833,0.9466109859712493,-0.9207598680714975,1.0,0.9442515526291928,0.8765612053265369,0.9605012856997638,0.8272335832295551,0.7518013679474657,-0.602684046775326,0.8650685153788883,0.9237086794823718,0.46247706510713815,0.3514588490646465,0.7985924138435162
overwhelmed,0.8236018029379601,0.8714497939030255,0.8756133250474721,0.9340802049949297,0.8393371611604596,-0.11611493810721175,0.7961116474710038,0.24066621404445646,-0.31935511108747,0.7894310140258379,0.7575444702067421,0.9785081998893482,-0.6053304278938288,0.48133157306137303,0.8624139467594057,-0.7939446152300756,0.6112622412687083,0.9402467049617265,0.893763838553716,0.9222670396615207,0.369493216643362,0.9330617718194468,0.7888542819228642,0.9775579977293641,0.9843416872389893,-0.7735606077861787,0.7907928295952183,0.8514882858068962,0.9564330920589639,0.9566718905484014,0.08050413830130862,0.9318536619062642,-0.8888597992672922,0.6951061430630081,-0.5454929303823955,0.8552179503574137,0.36827564855297684,0.8513880025002376,0.9269902675863376,-0.27041204254528217,0.08906895442458428,0.4364279689761651,0.1466249134090024,0.7951496383139404,0.9253737302224432,0.8730424932755297,0.9335029057819435,0.44589250329067004,0.9860821499967394,0.7828902665371167,0.854363659476314,-0.8164544778265465,0.9442515526291928,1.0,0.8715919357535109,0.9008743423108698,0.8876542075733843,0.7512418622329957,-0.4919966412988668,0.8280377977742951,0.7800657847688193,0.6479484870952674,0.5570381847651408,0.6455408612639927
hurt,0.7165740549056534,0.6249550077477786,0.6807712271450128,0.7828889705935396,0.6223474369851554,-0.05725252620556644,0.5591580394636252,0.13184914236051337,-0.07051608122772063,0.808081194588849,0.44751935090154604,0.8610148981223276,-0.8276675624962117,0.5550774877999857,0.9373564828014798,-0.6016600910277579,0.694026809378759,0.8803175372082758,0.8477483996907016,0.9111287312474045,0.42858624623882685,0.8737522446393786,0.8314725742838849,0.8738755944781791,0.8753470221600719,-0.8160958763624778,0.618270740863207,0.840048422175443,0.7908151032826367,0.8940971007984073,0.17362461170337,0.7278775573012164,-0.7671738997381887,0.8320523540256171,-0.6815984679001432,0.7105628896805901,0.5136378059945788,0.8859173553100659,0.9519976377387235,-0.03536040024849036,0.23506981892507922,0.5128166068010279,0.08729728450710728,0.881064152109653,0.8157511419523807,0.943992161459169,0.9363095402237932,0.5784024319618941,0.8529902146760467,0.7415498946324156,0.8854908652273066,-0.6982493887619005,0.8765612053265369,0.8715919357535109,1.0,0.9404338708461265,0.7441330775903621,0.5984970002852292,-0.3427664696112819,0.9441301227244291,0.8492779118612033,0.41144087836126003,0.3493974034246881,0.699878944780947
tired,0.7215503799163046,0.6821085719049559,0.7182474857625072,0.8736469679126063,0.6794315706625863,-0.2596267328029577,0.6769050473325607,0.34468713412424123,-0.02103011914917517,0.9344530157384414,0.4513250755174517,0.91449750552372,-0.7705209284603597,0.5499489793603142,0.9280982534811626,-0.765561411114499,0.787727089866357,0.9447600345428093,0.9580941150466842,0.9875039416215307,0.44954206106194416,0.9678906674763407,0.8857334931873151,0.94294255330394,0.9204022400479768,-0.8719777063463869,0.7168783355962723,0.9381925994412181,0.8629110901918758,0.9698557479911484,0.24033987310960456,0.7548049496601644,-0.8814603500572952,0.9132374481548993,-0.6599084040037434,0.8428798839358962,0.4661751505843114,0.9651764380527372,0.9414315130127117,-0.2339511926876326,0.04696152538115494,0.5932785509151253,0.23137170552174374,0.9022262090682419,0.8646360698286855,0.9273275123928002,0.9922852149590726,0.5610081403481353,0.9086032149426696,0.8552327625470978,0.9536318024016343,-0.8631793361490769,0.9605012856997638,0.9008743423108698,0.9404338708461265,1.0,0.8206694125501188,0.6662127085891209,-0.5107199283865399,0.9404640269785627,0.9462409366817013,0.43197606600198213,0.352180774495544,0.815117034330483
grippy socks,0.9040227799574818,0.8593342976773136,0.8955193878979208,0.9177807165923032,0.8815701137419688,-0.17173738020894583,0.8187944737857055,0.1764881117527474,-0.26407919397241797,0.7131822325533446,0.7156288997499213,0.9307927881545549,-0.419124657359954,0.3923690001062213,0.6519801017390994,-0.8113741961719856,0.6040976953367125,0.8585218059352406,0.8121593522404392,0.8220125034273964,0.3023535017098934,0.8612165946433605,0.7041127064203601,0.8670788182361706,0.9191715690630178,-0.6304634262496034,0.8382051431083315,0.793236453119459,0.9682928658000572,0.8818260285438804,0.15883185546182302,0.7373359099674345,-0.8546474266616769,0.611426922450456,-0.4917452409624767,0.8850596438119244,0.1602904995740742,0.7291694462718412,0.8236662964738094,-0.4068981892318026,-0.15012741563137358,0.42968099628928047,0.09119958369670882,0.5763821550141964,0.8046610081246182,0.7144750705302526,0.8435274518397887,0.24819295271523206,0.9265582438161502,0.7557883444204126,0.7395304150736026,-0.7931905220870745,0.8272335832295551,0.8876542075733843,0.7441330775903621,0.8206694125501188,1.0,0.6003742052492658,-0.6169137442510031,0.7140170271552878,0.6898509028832417,0.857517888945886,0.8000567966012343,0.627746748396925
stressy depressy,0.6917559323590184,0.8059673069909606,0.7794754540848053,0.8287111499682045,0.7838800502150052,-0.2747370858272499,0.8804436587896028,0.556511418540858,-0.4287427574018122,0.6357097421973176,0.7099827969855268,0.7486014749294402,-0.2556089890006061,0.034821273386821026,0.5911934552967129,-0.8176277385091617,0.40643879216944373,0.6625165791998218,0.7856035870709365,0.723504308406799,0.0619122691157923,0.7894049600883751,0.41363511430243144,0.771773420134232,0.7828740985971874,-0.424581109789163,0.8588419186483908,0.5507655871031758,0.7624579595525874,0.7579882542500002,-0.22601731096285016,0.8170562836993095,-0.672359742213276,0.4579188133127056,-0.3650264264653461,0.777650461704845,0.08495789964033908,0.5694674626932089,0.6327373329189211,-0.30518711347463423,-0.11216580048303883,0.14708338600340984,0.18294676784146424,0.5325030261656288,0.7790846384747873,0.5145620221897096,0.6563251274006247,0.30229566348804326,0.7833945565456422,0.7091111822023186,0.5451443988912896,-0.6216003428842716,0.7518013679474657,0.7512418622329957,0.5984970002852292,0.6662127085891209,0.6003742052492658,1.0,-0.6589329685888176,0.502666977650885,0.5559870045123112,0.35652265480541806,0.23635364138495518,0.4819500474479708
suey,-0.5477286821618673,-0.6077728761537698,-0.5993253679474122,-0.7060455861722409,-0.6579959794379642,0.6422184779125143,-0.8225830920595357,-0.7155715718933977,-0.014602680515155139,-0.6375450176128814,-0.4610659784316356,-0.5993876229156503,-0.08571672623901297,0.05298088510199142,-0.28624741296933204,0.8821100360383047,-0.6103015082367511,-0.5504675972452425,-0.6952123547241136,-0.5701238543669276,-0.08982292400114782,-0.6640359853704263,-0.3157566336370638,-0.577507424550304,-0.5940658967116734,0.1092866995308604,-0.8314929758694269,-0.5221246508459083,-0.6376412808195225,-0.619750023299497,-0.2450069690847837,-0.5182797785028055,0.6889775693472204,-0.44313222288163995,0.21521328297893105,-0.8353160216063883,0.42060956109752146,-0.4290640787828656,-0.4021081913277429,0.737302104959015,0.5046994062438508,-0.4359409756012922,-0.48062359009816313,-0.2244389360207703,-0.6167228721837531,-0.27855640366366663,-0.49287332604692646,0.17178780275950326,-0.6049264043958771,-0.7795538215872951,-0.4758059576165503,0.7183647100100553,-0.602684046775326,-0.4919966412988668,-0.3427664696112819,-0.5107199283865399,-0.6169137442510031,-0.6589329685888176,1.0,-0.2475481876849586,-0.5624825488269231,-0.40617062807505727,-0.2951215885759851,-0.6752743173391247
kms,0.6026914575554354,0.535279257918109,0.5779899545593632,0.7155965338844953,0.5193531876381974,-0.07524274135995218,0.4504065587720788,0.11558482146801895,-0.012183087748059635,0.8425239264310105,0.31050502189121015,0.7938128629869882,-0.9136760779586067,0.7356068574699381,0.9564246375090419,-0.5612057121208213,0.6242505366100907,0.8703178113492791,0.8304751217569226,0.9177827296112769,0.53334400743483,0.8485284405761063,0.9418426774554237,0.8435140783097136,0.8248533877252823,-0.9207759157533378,0.4976031081707706,0.8998219685256694,0.7431550521878156,0.8680296331600523,0.16809384249012838,0.638694073106506,-0.7795345339797115,0.8805510402607091,-0.6412281985317867,0.6468785359885839,0.6631538961570842,0.9438553762326618,0.8833803610816138,-0.05634376628190918,0.19363492740944968,0.49043002870986935,-0.009845414783960758,0.9034893352738104,0.719617219235327,0.9654897986671639,0.9415784684834355,0.6416384666865862,0.806999812924697,0.6401108512800702,0.92015842263392,-0.7335750146515454,0.8650685153788883,0.8280377977742951,0.9441301227244291,0.9404640269785627,0.7140170271552878,0.502666977650885,-0.2475481876849586,1.0,0.8710660755741694,0.3519490383710326,0.3008932906536051,0.6328606162925284
kill myself,0.5214688601907401,0.5173092217685056,0.5387350446117918,0.7665981582650945,0.5130428508166337,-0.42955498850146123,0.5708845406192984,0.4942914286616752,0.23810423950262533,0.9824130796590401,0.25633727380353644,0.8035029226984699,-0.7290729345664112,0.577266881667194,0.8865458005748643,-0.7415804402475773,0.8603646170483115,0.8978867194903957,0.938138150167276,0.9465875961307806,0.5026878798650942,0.914230620120351,0.8829372271009885,0.8703401070080498,0.806483303841199,-0.8093059433426953,0.6097710399357814,0.9391862956751684,0.7266824069199354,0.9022369923790848,0.3990544362124043,0.6582576813084222,-0.8717623836537103,0.9633392143967409,-0.5769059371471137,0.8017330926040112,0.3886966397096088,0.9657618436260975,0.8324506089873779,-0.35217956139418943,-0.038456112267738304,0.7051802324060367,0.4195462869605581,0.8767898394205775,0.8061013999298827,0.875032468510364,0.9344129625289892,0.49829090755886263,0.7965379607506416,0.8647390336348258,0.9692561674263672,-0.9083318734037098,0.9237086794823718,0.7800657847688193,0.8492779118612033,0.9462409366817013,0.6898509028832417,0.5559870045123112,-0.5624825488269231,0.8710660755741694,1.0,0.2340506364835775,0.14258126432352192,0.8988698830620032
unalive,0.8155484631398776,0.7682166733320517,0.7982636321216908,0.6711437855400031,0.7901645043275347,0.09743531852156133,0.6585242116176678,-0.15650654213731088,-0.46566398476400866,0.26727601556297687,0.7789703597235704,0.6878959746985258,-0.06921664811988155,0.17220747789047608,0.2702546225534385,-0.5393188772898518,0.22783824233777525,0.5322768561279515,0.41702844801182337,0.43105156932481464,0.06358716858108569,0.4981104370150463,0.3399249086017845,0.5574178069592542,0.665114017329519,-0.2870096032311639,0.6595450142318681,0.40869149653531145,0.7771106898556709,0.5412863830805721,-0.014972269395393166,0.5359436871723567,-0.5325103910703947,0.1503343675403499,-0.23228675824313055,0.6075407022721978,-0.05286304481934848,0.3066303783675941,0.5265743086008146,-0.27677060105429285,-0.13901173722538904,0.11711328201475954,-0.1425826551374373,0.16308424595687215,0.530413272288692,0.3694939520902896,0.4782828035504738,-0.007535277702316469,0.6835801693127466,0.4065536074142437,0.3322361995294922,-0.4368612361821652,0.46247706510713815,0.6479484870952674,0.41144087836126003,0.43197606600198213,0.857517888945886,0.35652265480541806,-0.40617062807505727,0.3519490383710326,0.2340506364835775,1.0,0.985022620214452,0.2271371640458366
unaliving,0.7815535190438109,0.6895791225135744,0.7343394557398129,0.5771205966098046,0.723675532599972,0.18430918931322268,0.5519459704838753,-0.2721929722787061,-0.45045411218339565,0.16463403527449397,0.6939071285996451,0.5965923115948952,-0.0511270585531002,0.1550130566907091,0.18376088509619143,-0.4135617596852752,0.14637037663530364,0.4397096282435572,0.3068107512020502,0.3362344558002935,0.036286857239394454,0.39739738065515645,0.2818854171292816,0.45392760936364107,0.569056933335266,-0.24544420200024766,0.5569533267562808,0.3239565374041753,0.6954713874969223,0.4433992428925611,-0.03729339280562212,0.40962462555937695,-0.4359522891986787,0.0735041664763618,-0.1817475850945766,0.4987793138437621,-0.022847285433095665,0.22869825537953847,0.4622864882555976,-0.21506909708396563,-0.15063634623990654,0.05407577947089059,-0.22077066829313344,0.09550138956220523,0.4150082169136408,0.2932170710673629,0.396567411791455,-0.009904680729698979,0.5868148830635576,0.2968221807061473,0.23957821236783763,-0.3286676546552685,0.3514588490646465,0.5570381847651408,0.3493974034246881,0.352180774495544,0.8000567966012343,0.23635364138495518,-0.2951215885759851,0.3008932906536051,0.14258126432352192,0.985022620214452,1.0,0.13551872157359124
crippling,0.48633856984413143,0.44748380621373435,0.4815746604555078,0.7061499358366501,0.4759389176609896,-0.5451360706559277,0.5894043978894373,0.581352238834274,0.333868864888877,0.8717724467918017,0.2525818090861369,0.738984061580028,-0.46397180095530965,0.23460461492555423,0.675009896435978,-0.7205680599649202,0.9741861894741918,0.77338020467554,0.844259647778141,0.7971565023963891,0.35987849205685657,0.813236596615601,0.624591834473301,0.7481844541977952,0.6934457558704791,-0.5830819635410432,0.6525913189491288,0.7680278834039864,0.6377146563877112,0.7898593660085459,0.5735119273398409,0.5683908243422909,-0.7429221965674231,0.8599164395689038,-0.5683772989175426,0.8059366090174859,0.09183956933403396,0.7816840826241627,0.7532262451837806,-0.3866783763510137,-0.08517390352515508,0.8051164930498909,0.6883624683148464,0.7245925271399681,0.7820249586272823,0.672716514962795,0.7889166930258845,0.29401520759587463,0.6840099513664961,0.9459814987903852,0.8223598750021085,-0.8108195616879522,0.7985924138435162,0.6455408612639927,0.699878944780947,0.815117034330483,0.627746748396925,0.4819500474479708,-0.6752743173391247,0.6328606162925284,0.8988698830620032,0.2271371640458366,0.13551872157359124,1.0
