State,Apr 2014,May 2014,Jun 2014,Jul 2014,Aug 2014,Sep 2014,Oct 2014,Nov 2014,Dec 2014,Jan 2015,Feb 2015,Mar 2015,Apr 2015,May 2015,Jun 2015,Jul 2015,Aug 2015,Sep 2015,Oct 2015,Nov 2015,Dec 2015,Jan 2016,Feb 2016,Mar 2016,Apr 2016,May 2016,Jun 2016,Jul 2016,Aug 2016,Sep 2016,Oct 2016,Nov 2016,Dec 2016,Jan 2017,Feb 2017,Mar 2017,Apr 2017,May 2017,Jun 2017,Jul 2017,Aug 2017,Sep 2017,Oct 2017,Nov 2017,Dec 2017,Jan 2018,Feb 2018,Mar 2018,Apr 2018,May 2018,Jun 2018,Jul 2018,Aug 2018,Sep 2018,Oct 2018,Nov 2018,Dec 2018,Jan 2019,Feb 2019,Mar 2019,Apr 2019,May 2019,Jun 2019,Jul 2019,Aug 2019,Sep 2019,Oct 2019,Nov 2019,Dec 2019,Jan 2020,Feb 2020,Mar 2020,Apr 2020,May 2020,Jun 2020,Jul 2020,Aug 2020,Sep 2020,Oct 2020,Nov 2020,Dec 2020,Jan 2021,Feb 2021,Mar 2021,Apr 2021,May 2021,Jun 2021,Jul 2021,Aug 2021,Sep 2021,Oct 2021,Nov 2021,Dec 2021,Jan 2022,Feb 2022,Mar 2022,Apr 2022,May 2022,Jun 2022,Jul 2022,Aug 2022,Sep 2022,Oct 2022,Nov 2022,Dec 2022,Jan 2023,Feb 2023,Mar 2023,Apr 2023,May 2023,Jun 2023,Jul 2023,Aug 2023,Sep 2023,Oct 2023,Nov 2023,Dec 2023,Jan 2024,Feb 2024,Mar 2024,Apr 2024,2014_average,2015_average,2016_average,2017_average,2018_average,2019_average,2020_average,2021_average,2022_average,2023_average,2024_average,2014,2015,2016,2017,2018,2019,2021,2022,2023,2024
ALABAMA,7.0,6.9,6.8,6.7,6.6,6.5,6.4,6.3,6.2,6.1,6.1,6.1,6.1,6.1,6.2,6.2,6.2,6.1,6.1,6.1,6.1,6.1,6.0,6.0,5.9,5.9,5.9,5.9,5.9,5.9,5.9,5.8,5.7,5.5,5.2,5.0,4.8,4.6,4.4,4.3,4.2,4.1,4.0,4.0,4.0,4.0,4.0,4.0,4.0,4.0,4.0,4.0,3.9,3.9,3.9,3.8,3.8,3.7,3.6,3.4,3.3,3.1,3.0,3.0,3.0,3.0,3.0,3.0,3.1,3.2,3.3,3.4,13.8,10.4,8.6,7.5,6.3,5.9,5.2,4.8,4.5,4.2,3.9,3.8,3.7,3.5,3.5,3.3,3.2,3.0,2.9,2.8,2.7,2.6,2.6,2.6,2.5,2.5,2.5,2.5,2.5,2.5,2.5,2.5,2.4,2.4,2.3,2.3,2.3,2.3,2.3,2.4,2.5,2.7,2.8,2.8,2.8,2.9,3.0,3.0,3.1,6.6,6.125,5.908333333333332,4.508333333333334,3.941666666666666,3.1833333333333336,6.408333333333332,3.3749999999999996,2.5166666666666666,2.4916666666666667,3.0,"[7.0, 6.9, 6.8, 6.7, 6.6, 6.5, 6.4, 6.3, 6.2]","[6.1, 6.1, 6.1, 6.1, 6.1, 6.2, 6.2, 6.2, 6.1, 6.1, 6.1, 6.1]","[6.1, 6.0, 6.0, 5.9, 5.9, 5.9, 5.9, 5.9, 5.9, 5.9, 5.8, 5.7]","[5.5, 5.2, 5.0, 4.8, 4.6, 4.4, 4.3, 4.2, 4.1, 4.0, 4.0, 4.0]","[4.0, 4.0, 4.0, 4.0, 4.0, 4.0, 4.0, 3.9, 3.9, 3.9, 3.8, 3.8]","[3.7, 3.6, 3.4, 3.3, 3.1, 3.0, 3.0, 3.0, 3.0, 3.0, 3.0, 3.1]","[4.2, 3.9, 3.8, 3.7, 3.5, 3.5, 3.3, 3.2, 3.0, 2.9, 2.8, 2.7]","[2.6, 2.6, 2.6, 2.5, 2.5, 2.5, 2.5, 2.5, 2.5, 2.5, 2.5, 2.4]","[2.4, 2.3, 2.3, 2.3, 2.3, 2.3, 2.4, 2.5, 2.7, 2.8, 2.8, 2.8]","[2.9, 3.0, 3.0, 3.1]"
ALASKA,6.9,6.9,6.9,6.8,6.8,6.7,6.5,6.4,6.3,6.2,6.3,6.3,6.3,6.3,6.3,6.2,6.2,6.2,6.3,6.3,6.4,6.4,6.5,6.5,6.5,6.6,6.6,6.6,6.7,6.7,6.7,6.7,6.7,6.6,6.6,6.5,6.5,6.5,6.5,6.5,6.5,6.5,6.5,6.5,6.4,6.4,6.3,6.2,6.1,6.0,5.9,5.9,5.9,5.9,5.9,6.0,6.0,6.0,5.9,5.8,5.7,5.6,5.6,5.6,5.6,5.5,5.4,5.3,5.3,5.4,5.5,5.5,11.7,11.8,11.2,11.1,8.6,7.9,7.3,7.1,7.1,7.0,7.0,7.0,7.0,6.8,6.8,6.4,6.2,5.9,5.7,5.5,5.3,5.2,4.8,4.5,4.3,4.2,4.1,4.0,3.8,3.9,4.0,4.0,4.0,3.9,3.9,3.8,3.9,4.0,4.1,4.3,4.4,4.5,4.6,4.6,4.6,4.6,4.6,4.6,4.6,6.688888888888889,6.275000000000001,6.600000000000001,6.508333333333334,6.041666666666667,5.608333333333333,8.35,6.383333333333333,4.233333333333333,4.216666666666668,4.6,"[6.9, 6.9, 6.9, 6.8, 6.8, 6.7, 6.5, 6.4, 6.3]","[6.2, 6.3, 6.3, 6.3, 6.3, 6.3, 6.2, 6.2, 6.2, 6.3, 6.3, 6.4]","[6.4, 6.5, 6.5, 6.5, 6.6, 6.6, 6.6, 6.7, 6.7, 6.7, 6.7, 6.7]","[6.6, 6.6, 6.5, 6.5, 6.5, 6.5, 6.5, 6.5, 6.5, 6.5, 6.5, 6.4]","[6.4, 6.3, 6.2, 6.1, 6.0, 5.9, 5.9, 5.9, 5.9, 5.9, 6.0, 6.0]","[6.0, 5.9, 5.8, 5.7, 5.6, 5.6, 5.6, 5.6, 5.5, 5.4, 5.3, 5.3]","[7.0, 7.0, 7.0, 7.0, 6.8, 6.8, 6.4, 6.2, 5.9, 5.7, 5.5, 5.3]","[5.2, 4.8, 4.5, 4.3, 4.2, 4.1, 4.0, 3.8, 3.9, 4.0, 4.0, 4.0]","[3.9, 3.9, 3.8, 3.9, 4.0, 4.1, 4.3, 4.4, 4.5, 4.6, 4.6, 4.6]","[4.6, 4.6, 4.6, 4.6]"
ARIZONA,6.9,6.9,6.8,6.7,6.7,6.7,6.6,6.5,6.4,6.4,6.3,6.2,6.2,6.1,6.1,6.1,6.0,6.0,5.9,5.8,5.8,5.7,5.6,5.6,5.6,5.5,5.5,5.5,5.4,5.4,5.4,5.3,5.3,5.2,5.2,5.1,5.0,5.0,4.9,4.9,4.8,4.9,4.9,4.9,4.9,4.9,4.8,4.8,4.7,4.7,4.7,4.7,4.7,4.8,4.9,5.0,5.0,5.0,5.0,4.9,4.8,4.8,4.8,4.8,4.8,4.7,4.7,4.7,4.7,4.8,4.8,4.9,13.8,11.2,9.8,8.9,7.9,7.5,7.0,6.7,6.6,6.4,6.2,6.0,5.8,5.5,5.3,5.0,4.6,4.3,4.1,3.9,3.7,3.7,3.6,3.6,3.6,3.7,3.7,3.8,3.9,4.0,4.0,3.9,3.8,3.7,3.7,3.6,3.6,3.7,3.8,3.9,4.1,4.2,4.2,4.2,4.2,4.2,4.1,3.8,3.6,6.688888888888889,6.074999999999999,5.483333333333333,4.974999999999999,4.808333333333333,4.8083333333333345,7.824999999999999,5.066666666666667,3.774999999999999,3.9083333333333345,3.9250000000000003,"[6.9, 6.9, 6.8, 6.7, 6.7, 6.7, 6.6, 6.5, 6.4]","[6.4, 6.3, 6.2, 6.2, 6.1, 6.1, 6.1, 6.0, 6.0, 5.9, 5.8, 5.8]","[5.7, 5.6, 5.6, 5.6, 5.5, 5.5, 5.5, 5.4, 5.4, 5.4, 5.3, 5.3]","[5.2, 5.2, 5.1, 5.0, 5.0, 4.9, 4.9, 4.8, 4.9, 4.9, 4.9, 4.9]","[4.9, 4.8, 4.8, 4.7, 4.7, 4.7, 4.7, 4.7, 4.8, 4.9, 5.0, 5.0]","[5.0, 5.0, 4.9, 4.8, 4.8, 4.8, 4.8, 4.8, 4.7, 4.7, 4.7, 4.7]","[6.4, 6.2, 6.0, 5.8, 5.5, 5.3, 5.0, 4.6, 4.3, 4.1, 3.9, 3.7]","[3.7, 3.6, 3.6, 3.6, 3.7, 3.7, 3.8, 3.9, 4.0, 4.0, 3.9, 3.8]","[3.7, 3.7, 3.6, 3.6, 3.7, 3.8, 3.9, 4.1, 4.2, 4.2, 4.2, 4.2]","[4.2, 4.1, 3.8, 3.6]"
ARKANSAS,6.0,6.0,5.9,5.8,5.7,5.7,5.6,5.6,5.5,5.5,5.4,5.4,5.3,5.2,5.1,4.9,4.8,4.6,4.5,4.4,4.3,4.2,4.1,4.0,4.0,4.0,4.0,4.0,4.0,3.9,3.9,3.9,3.8,3.8,3.7,3.7,3.7,3.7,3.7,3.7,3.7,3.8,3.8,3.8,3.8,3.8,3.8,3.7,3.7,3.6,3.6,3.5,3.5,3.6,3.7,3.7,3.7,3.7,3.6,3.5,3.4,3.4,3.4,3.4,3.5,3.5,3.5,3.5,3.5,3.5,3.6,4.9,10.1,8.9,7.9,7.3,6.4,6.0,5.4,5.2,5.0,4.9,4.8,4.7,4.5,4.4,4.2,3.9,3.7,3.5,3.4,3.3,3.2,3.2,3.2,3.2,3.1,3.2,3.2,3.2,3.3,3.3,3.3,3.2,3.1,3.0,2.9,2.8,2.8,2.9,3.0,3.2,3.4,3.6,3.7,3.7,3.7,3.7,3.6,3.5,3.4,5.755555555555556,4.949999999999999,3.9833333333333325,3.7416666666666654,3.6583333333333345,3.4916666666666667,6.183333333333334,4.041666666666666,3.208333333333334,3.225,3.5500000000000003,"[6.0, 6.0, 5.9, 5.8, 5.7, 5.7, 5.6, 5.6, 5.5]","[5.5, 5.4, 5.4, 5.3, 5.2, 5.1, 4.9, 4.8, 4.6, 4.5, 4.4, 4.3]","[4.2, 4.1, 4.0, 4.0, 4.0, 4.0, 4.0, 4.0, 3.9, 3.9, 3.9, 3.8]","[3.8, 3.7, 3.7, 3.7, 3.7, 3.7, 3.7, 3.7, 3.8, 3.8, 3.8, 3.8]","[3.8, 3.8, 3.7, 3.7, 3.6, 3.6, 3.5, 3.5, 3.6, 3.7, 3.7, 3.7]","[3.7, 3.6, 3.5, 3.4, 3.4, 3.4, 3.4, 3.5, 3.5, 3.5, 3.5, 3.5]","[4.9, 4.8, 4.7, 4.5, 4.4, 4.2, 3.9, 3.7, 3.5, 3.4, 3.3, 3.2]","[3.2, 3.2, 3.2, 3.1, 3.2, 3.2, 3.2, 3.3, 3.3, 3.3, 3.2, 3.1]","[3.0, 2.9, 2.8, 2.8, 2.9, 3.0, 3.2, 3.4, 3.6, 3.7, 3.7, 3.7]","[3.7, 3.6, 3.5, 3.4]"
CALIFORNIA,7.8,7.7,7.6,7.5,7.4,7.3,7.2,7.1,6.9,6.8,6.7,6.6,6.5,6.4,6.3,6.2,6.0,5.9,5.8,5.8,5.7,5.7,5.6,5.6,5.5,5.5,5.5,5.5,5.5,5.5,5.5,5.4,5.4,5.2,5.1,5.0,5.0,4.9,4.9,4.8,4.8,4.7,4.6,4.5,4.5,4.4,4.3,4.3,4.2,4.2,4.2,4.2,4.2,4.2,4.3,4.3,4.3,4.3,4.3,4.2,4.1,4.0,4.0,4.0,4.0,4.0,4.0,4.1,4.2,4.3,4.4,5.5,16.1,15.8,13.8,13.2,11.9,10.0,9.3,9.0,9.0,8.7,8.6,8.4,8.3,7.9,7.8,7.4,7.0,6.5,6.1,5.7,5.5,5.2,4.8,4.4,4.2,4.1,4.0,3.9,3.8,4.0,4.2,4.3,4.4,4.5,4.5,4.5,4.5,4.5,4.6,4.7,4.8,5.0,5.1,5.1,5.1,5.2,5.3,5.3,5.3,7.388888888888889,6.2250000000000005,5.516666666666667,4.833333333333333,4.258333333333333,4.1000000000000005,10.191666666666666,7.324999999999999,4.2749999999999995,4.741666666666667,5.275,"[7.8, 7.7, 7.6, 7.5, 7.4, 7.3, 7.2, 7.1, 6.9]","[6.8, 6.7, 6.6, 6.5, 6.4, 6.3, 6.2, 6.0, 5.9, 5.8, 5.8, 5.7]","[5.7, 5.6, 5.6, 5.5, 5.5, 5.5, 5.5, 5.5, 5.5, 5.5, 5.4, 5.4]","[5.2, 5.1, 5.0, 5.0, 4.9, 4.9, 4.8, 4.8, 4.7, 4.6, 4.5, 4.5]","[4.4, 4.3, 4.3, 4.2, 4.2, 4.2, 4.2, 4.2, 4.2, 4.3, 4.3, 4.3]","[4.3, 4.3, 4.2, 4.1, 4.0, 4.0, 4.0, 4.0, 4.0, 4.0, 4.1, 4.2]","[8.7, 8.6, 8.4, 8.3, 7.9, 7.8, 7.4, 7.0, 6.5, 6.1, 5.7, 5.5]","[5.2, 4.8, 4.4, 4.2, 4.1, 4.0, 3.9, 3.8, 4.0, 4.2, 4.3, 4.4]","[4.5, 4.5, 4.5, 4.5, 4.5, 4.6, 4.7, 4.8, 5.0, 5.1, 5.1, 5.1]","[5.2, 5.3, 5.3, 5.3]"
COLORADO,5.4,5.2,5.0,4.8,4.6,4.5,4.4,4.3,4.2,4.1,4.1,4.1,4.0,3.9,3.8,3.7,3.6,3.5,3.4,3.4,3.3,3.3,3.3,3.3,3.3,3.3,3.2,3.2,3.1,3.0,3.0,2.9,2.7,2.6,2.5,2.4,2.4,2.4,2.5,2.6,2.7,2.8,2.8,2.8,2.8,2.9,2.9,2.9,3.0,3.0,3.1,3.1,3.1,3.2,3.2,3.1,3.1,3.0,2.9,2.8,2.6,2.6,2.5,2.5,2.5,2.5,2.6,2.7,2.8,3.0,3.2,3.3,11.2,11.7,11.2,6.5,6.2,6.3,6.2,6.2,6.4,6.3,6.3,6.2,6.2,5.9,5.9,5.6,5.3,4.9,4.6,4.4,4.2,4.0,3.6,3.3,3.1,3.0,2.8,2.7,2.6,2.8,2.9,3.0,3.0,3.0,3.0,3.0,3.0,3.1,3.1,3.2,3.2,3.3,3.3,3.3,3.3,3.4,3.5,3.7,3.7,4.711111111111111,3.741666666666666,3.1333333333333333,2.608333333333334,3.0500000000000003,2.6666666666666665,6.783333333333334,5.483333333333333,3.0666666666666664,3.15,3.575,"[5.4, 5.2, 5.0, 4.8, 4.6, 4.5, 4.4, 4.3, 4.2]","[4.1, 4.1, 4.1, 4.0, 3.9, 3.8, 3.7, 3.6, 3.5, 3.4, 3.4, 3.3]","[3.3, 3.3, 3.3, 3.3, 3.3, 3.2, 3.2, 3.1, 3.0, 3.0, 2.9, 2.7]","[2.6, 2.5, 2.4, 2.4, 2.4, 2.5, 2.6, 2.7, 2.8, 2.8, 2.8, 2.8]","[2.9, 2.9, 2.9, 3.0, 3.0, 3.1, 3.1, 3.1, 3.2, 3.2, 3.1, 3.1]","[3.0, 2.9, 2.8, 2.6, 2.6, 2.5, 2.5, 2.5, 2.5, 2.6, 2.7, 2.8]","[6.3, 6.3, 6.2, 6.2, 5.9, 5.9, 5.6, 5.3, 4.9, 4.6, 4.4, 4.2]","[4.0, 3.6, 3.3, 3.1, 3.0, 2.8, 2.7, 2.6, 2.8, 2.9, 3.0, 3.0]","[3.0, 3.0, 3.0, 3.0, 3.1, 3.1, 3.2, 3.2, 3.3, 3.3, 3.3, 3.3]","[3.4, 3.5, 3.7, 3.7]"
CONNECTICUT,6.8,6.7,6.6,6.6,6.5,6.4,6.3,6.2,6.1,6.0,5.9,5.8,5.8,5.7,5.6,5.6,5.5,5.4,5.4,5.4,5.3,5.2,5.2,5.1,5.0,4.9,4.9,4.8,4.7,4.7,4.7,4.6,4.6,4.6,4.5,4.5,4.5,4.4,4.4,4.4,4.4,4.4,4.3,4.3,4.3,4.2,4.1,4.1,4.0,3.9,3.9,3.8,3.8,3.7,3.7,3.7,3.7,3.7,3.6,3.6,3.5,3.5,3.5,3.5,3.6,3.6,3.6,3.7,3.7,3.8,3.8,3.9,8.3,11.8,11.5,11.7,9.6,8.8,7.9,7.5,7.4,7.1,7.1,7.0,7.1,6.9,6.8,6.5,6.2,5.9,5.6,5.3,5.1,4.9,4.6,4.4,4.3,4.1,4.0,3.9,3.8,3.8,3.8,3.8,3.7,3.6,3.5,3.4,3.3,3.3,3.4,3.6,3.8,4.0,4.2,4.2,4.2,4.4,4.5,4.5,4.4,6.466666666666667,5.616666666666666,4.866666666666667,4.416666666666665,3.883333333333334,3.5916666666666672,8.0,6.383333333333332,4.091666666666666,3.708333333333334,4.45,"[6.8, 6.7, 6.6, 6.6, 6.5, 6.4, 6.3, 6.2, 6.1]","[6.0, 5.9, 5.8, 5.8, 5.7, 5.6, 5.6, 5.5, 5.4, 5.4, 5.4, 5.3]","[5.2, 5.2, 5.1, 5.0, 4.9, 4.9, 4.8, 4.7, 4.7, 4.7, 4.6, 4.6]","[4.6, 4.5, 4.5, 4.5, 4.4, 4.4, 4.4, 4.4, 4.4, 4.3, 4.3, 4.3]","[4.2, 4.1, 4.1, 4.0, 3.9, 3.9, 3.8, 3.8, 3.7, 3.7, 3.7, 3.7]","[3.7, 3.6, 3.6, 3.5, 3.5, 3.5, 3.5, 3.6, 3.6, 3.6, 3.7, 3.7]","[7.1, 7.1, 7.0, 7.1, 6.9, 6.8, 6.5, 6.2, 5.9, 5.6, 5.3, 5.1]","[4.9, 4.6, 4.4, 4.3, 4.1, 4.0, 3.9, 3.8, 3.8, 3.8, 3.8, 3.7]","[3.6, 3.5, 3.4, 3.3, 3.3, 3.4, 3.6, 3.8, 4.0, 4.2, 4.2, 4.2]","[4.4, 4.5, 4.5, 4.4]"
DELAWARE,5.8,5.8,5.7,5.6,5.5,5.4,5.3,5.2,5.1,5.0,4.9,4.9,4.9,4.9,4.8,4.8,4.7,4.7,4.7,4.6,4.6,4.5,4.5,4.4,4.4,4.4,4.5,4.5,4.5,4.6,4.6,4.7,4.7,4.7,4.6,4.6,4.6,4.5,4.5,4.5,4.4,4.4,4.3,4.3,4.2,4.1,4.0,3.9,3.8,3.8,3.7,3.6,3.6,3.5,3.5,3.5,3.5,3.5,3.5,3.5,3.5,3.5,3.5,3.6,3.6,3.6,3.6,3.6,3.6,3.6,3.6,5.0,13.1,13.4,12.7,7.5,7.3,7.5,5.1,5.3,5.6,5.7,5.8,5.9,5.9,5.9,5.8,5.6,5.4,5.2,5.0,4.8,4.7,4.6,4.4,4.3,4.2,4.2,4.2,4.1,4.1,4.2,4.2,4.2,4.1,4.1,4.0,3.9,3.8,3.8,3.9,3.9,4.0,4.1,4.1,4.1,4.1,4.1,4.0,3.9,3.9,5.488888888888889,4.791666666666668,4.525000000000001,4.466666666666666,3.7083333333333335,3.5500000000000007,7.474999999999999,5.474999999999999,4.233333333333334,3.983333333333334,3.975,"[5.8, 5.8, 5.7, 5.6, 5.5, 5.4, 5.3, 5.2, 5.1]","[5.0, 4.9, 4.9, 4.9, 4.9, 4.8, 4.8, 4.7, 4.7, 4.7, 4.6, 4.6]","[4.5, 4.5, 4.4, 4.4, 4.4, 4.5, 4.5, 4.5, 4.6, 4.6, 4.7, 4.7]","[4.7, 4.6, 4.6, 4.6, 4.5, 4.5, 4.5, 4.4, 4.4, 4.3, 4.3, 4.2]","[4.1, 4.0, 3.9, 3.8, 3.8, 3.7, 3.6, 3.6, 3.5, 3.5, 3.5, 3.5]","[3.5, 3.5, 3.5, 3.5, 3.5, 3.5, 3.6, 3.6, 3.6, 3.6, 3.6, 3.6]","[5.7, 5.8, 5.9, 5.9, 5.9, 5.8, 5.6, 5.4, 5.2, 5.0, 4.8, 4.7]","[4.6, 4.4, 4.3, 4.2, 4.2, 4.2, 4.1, 4.1, 4.2, 4.2, 4.2, 4.1]","[4.1, 4.0, 3.9, 3.8, 3.8, 3.9, 3.9, 4.0, 4.1, 4.1, 4.1, 4.1]","[4.1, 4.0, 3.9, 3.9]"
DISTRICT OF COLUMBIA,7.8,7.8,7.8,7.7,7.7,7.6,7.6,7.5,7.4,7.4,7.3,7.2,7.2,7.0,6.9,6.8,6.8,6.7,6.6,6.6,6.5,6.4,6.3,6.2,6.1,6.1,6.1,6.2,6.2,6.3,6.3,6.3,6.3,6.3,6.2,6.2,6.2,6.2,6.1,6.1,6.1,6.0,6.0,5.9,5.9,5.9,5.8,5.8,5.8,5.7,5.6,5.5,5.5,5.5,5.6,5.7,5.8,5.9,5.9,5.8,5.7,5.6,5.4,5.4,5.3,5.2,5.2,5.2,5.4,5.5,5.7,5.8,11.2,8.8,8.6,8.6,8.4,8.4,8.1,7.9,7.7,7.3,7.1,7.0,7.1,7.1,7.3,7.1,7.0,6.6,6.5,6.3,6.1,6.0,5.6,5.2,4.9,4.7,4.4,4.2,4.0,4.2,4.4,4.6,4.8,4.9,5.0,5.0,4.9,4.8,4.8,4.7,4.8,4.9,4.9,4.9,4.9,5.0,5.1,5.2,5.2,7.655555555555556,6.916666666666665,6.233333333333333,6.1000000000000005,5.683333333333334,5.5,7.891666666666667,6.874999999999999,4.750000000000001,4.874999999999999,5.125,"[7.8, 7.8, 7.8, 7.7, 7.7, 7.6, 7.6, 7.5, 7.4]","[7.4, 7.3, 7.2, 7.2, 7.0, 6.9, 6.8, 6.8, 6.7, 6.6, 6.6, 6.5]","[6.4, 6.3, 6.2, 6.1, 6.1, 6.1, 6.2, 6.2, 6.3, 6.3, 6.3, 6.3]","[6.3, 6.2, 6.2, 6.2, 6.2, 6.1, 6.1, 6.1, 6.0, 6.0, 5.9, 5.9]","[5.9, 5.8, 5.8, 5.8, 5.7, 5.6, 5.5, 5.5, 5.5, 5.6, 5.7, 5.8]","[5.9, 5.9, 5.8, 5.7, 5.6, 5.4, 5.4, 5.3, 5.2, 5.2, 5.2, 5.4]","[7.3, 7.1, 7.0, 7.1, 7.1, 7.3, 7.1, 7.0, 6.6, 6.5, 6.3, 6.1]","[6.0, 5.6, 5.2, 4.9, 4.7, 4.4, 4.2, 4.0, 4.2, 4.4, 4.6, 4.8]","[4.9, 5.0, 5.0, 4.9, 4.8, 4.8, 4.7, 4.8, 4.9, 4.9, 4.9, 4.9]","[5.0, 5.1, 5.2, 5.2]"
FLORIDA,6.7,6.6,6.5,6.4,6.3,6.2,6.1,6.0,6.0,5.9,5.8,5.8,5.7,5.7,5.6,5.5,5.4,5.3,5.3,5.2,5.1,5.1,5.0,5.0,4.9,4.9,4.9,4.9,4.9,4.9,4.9,4.8,4.8,4.7,4.6,4.5,4.4,4.3,4.3,4.2,4.2,4.2,4.1,4.1,4.0,3.9,3.9,3.8,3.8,3.7,3.6,3.6,3.5,3.5,3.5,3.5,3.5,3.5,3.5,3.4,3.3,3.3,3.3,3.2,3.2,3.2,3.1,3.0,3.0,3.0,3.0,4.1,13.4,14.2,11.8,11.8,8.8,8.1,7.1,6.6,6.4,5.9,5.6,5.4,5.2,4.9,4.9,4.6,4.4,4.1,3.9,3.8,3.6,3.5,3.3,3.2,3.1,3.0,2.9,2.8,2.8,2.8,2.9,2.8,2.8,2.8,2.8,2.8,2.7,2.8,2.8,2.9,3.0,3.0,3.1,3.1,3.1,3.1,3.1,3.2,3.3,6.311111111111112,5.5249999999999995,4.916666666666665,4.300000000000001,3.65,3.25,8.191666666666665,4.691666666666666,2.9916666666666667,2.908333333333333,3.175,"[6.7, 6.6, 6.5, 6.4, 6.3, 6.2, 6.1, 6.0, 6.0]","[5.9, 5.8, 5.8, 5.7, 5.7, 5.6, 5.5, 5.4, 5.3, 5.3, 5.2, 5.1]","[5.1, 5.0, 5.0, 4.9, 4.9, 4.9, 4.9, 4.9, 4.9, 4.9, 4.8, 4.8]","[4.7, 4.6, 4.5, 4.4, 4.3, 4.3, 4.2, 4.2, 4.2, 4.1, 4.1, 4.0]","[3.9, 3.9, 3.8, 3.8, 3.7, 3.6, 3.6, 3.5, 3.5, 3.5, 3.5, 3.5]","[3.5, 3.5, 3.4, 3.3, 3.3, 3.3, 3.2, 3.2, 3.2, 3.1, 3.0, 3.0]","[5.9, 5.6, 5.4, 5.2, 4.9, 4.9, 4.6, 4.4, 4.1, 3.9, 3.8, 3.6]","[3.5, 3.3, 3.2, 3.1, 3.0, 2.9, 2.8, 2.8, 2.8, 2.9, 2.8, 2.8]","[2.8, 2.8, 2.8, 2.7, 2.8, 2.8, 2.9, 3.0, 3.0, 3.1, 3.1, 3.1]","[3.1, 3.1, 3.2, 3.3]"
GEORGIA,7.4,7.3,7.3,7.2,7.1,7.0,6.8,6.7,6.6,6.5,6.4,6.3,6.3,6.2,6.1,6.0,5.9,5.9,5.8,5.8,5.7,5.7,5.7,5.6,5.5,5.4,5.4,5.4,5.4,5.4,5.4,5.4,5.3,5.2,5.1,5.0,4.9,4.8,4.8,4.7,4.6,4.6,4.5,4.5,4.4,4.3,4.2,4.1,4.1,4.0,3.9,3.9,3.9,3.9,3.9,3.9,3.9,3.8,3.8,3.7,3.6,3.6,3.6,3.5,3.5,3.5,3.4,3.4,3.5,3.5,3.6,3.7,12.4,9.8,8.4,7.6,6.7,6.4,5.5,5.3,5.1,4.8,4.6,4.4,4.3,4.1,4.0,3.9,3.7,3.5,3.4,3.3,3.2,3.1,3.1,3.0,3.0,3.0,3.1,3.1,3.2,3.2,3.3,3.3,3.3,3.2,3.2,3.2,3.2,3.2,3.2,3.2,3.2,3.2,3.2,3.2,3.2,3.1,3.1,3.1,3.1,7.044444444444444,6.074999999999999,5.466666666666666,4.758333333333334,3.9999999999999996,3.5749999999999997,6.499999999999999,3.933333333333333,3.141666666666666,3.1999999999999997,3.1,"[7.4, 7.3, 7.3, 7.2, 7.1, 7.0, 6.8, 6.7, 6.6]","[6.5, 6.4, 6.3, 6.3, 6.2, 6.1, 6.0, 5.9, 5.9, 5.8, 5.8, 5.7]","[5.7, 5.7, 5.6, 5.5, 5.4, 5.4, 5.4, 5.4, 5.4, 5.4, 5.4, 5.3]","[5.2, 5.1, 5.0, 4.9, 4.8, 4.8, 4.7, 4.6, 4.6, 4.5, 4.5, 4.4]","[4.3, 4.2, 4.1, 4.1, 4.0, 3.9, 3.9, 3.9, 3.9, 3.9, 3.9, 3.9]","[3.8, 3.8, 3.7, 3.6, 3.6, 3.6, 3.5, 3.5, 3.5, 3.4, 3.4, 3.5]","[4.8, 4.6, 4.4, 4.3, 4.1, 4.0, 3.9, 3.7, 3.5, 3.4, 3.3, 3.2]","[3.1, 3.1, 3.0, 3.0, 3.0, 3.1, 3.1, 3.2, 3.2, 3.3, 3.3, 3.3]","[3.2, 3.2, 3.2, 3.2, 3.2, 3.2, 3.2, 3.2, 3.2, 3.2, 3.2, 3.2]","[3.1, 3.1, 3.1, 3.1]"
HAWAII,4.4,4.4,4.3,4.2,4.1,4.1,4.0,3.9,3.9,3.8,3.8,3.7,3.6,3.5,3.4,3.3,3.3,3.2,3.2,3.1,3.1,3.0,3.0,3.0,3.0,3.0,2.9,2.9,2.9,2.8,2.8,2.7,2.7,2.6,2.6,2.5,2.5,2.4,2.3,2.1,2.0,1.9,1.9,1.9,1.9,2.1,2.1,2.2,2.2,2.3,2.4,2.4,2.5,2.6,2.6,2.7,2.8,2.8,2.7,2.7,2.6,2.6,2.5,2.5,2.4,2.4,2.4,2.3,2.3,2.2,2.2,2.1,22.5,20.8,17.4,15.6,13.1,13.4,11.4,10.6,10.2,9.5,9.1,8.4,7.7,6.8,6.3,5.4,4.7,4.0,3.3,3.2,3.1,3.1,3.2,3.2,3.3,3.3,3.3,3.3,3.3,3.3,3.3,3.3,3.2,3.1,3.0,2.9,2.9,2.8,2.8,2.8,2.9,3.0,3.0,3.0,3.0,3.1,3.1,3.1,3.1,4.144444444444444,3.4166666666666665,2.891666666666666,2.2166666666666663,2.4083333333333337,2.516666666666666,11.791666666666666,5.958333333333333,3.2583333333333333,2.9333333333333336,3.1,"[4.4, 4.4, 4.3, 4.2, 4.1, 4.1, 4.0, 3.9, 3.9]","[3.8, 3.8, 3.7, 3.6, 3.5, 3.4, 3.3, 3.3, 3.2, 3.2, 3.1, 3.1]","[3.0, 3.0, 3.0, 3.0, 3.0, 2.9, 2.9, 2.9, 2.8, 2.8, 2.7, 2.7]","[2.6, 2.6, 2.5, 2.5, 2.4, 2.3, 2.1, 2.0, 1.9, 1.9, 1.9, 1.9]","[2.1, 2.1, 2.2, 2.2, 2.3, 2.4, 2.4, 2.5, 2.6, 2.6, 2.7, 2.8]","[2.8, 2.7, 2.7, 2.6, 2.6, 2.5, 2.5, 2.4, 2.4, 2.4, 2.3, 2.3]","[9.5, 9.1, 8.4, 7.7, 6.8, 6.3, 5.4, 4.7, 4.0, 3.3, 3.2, 3.1]","[3.1, 3.2, 3.2, 3.3, 3.3, 3.3, 3.3, 3.3, 3.3, 3.3, 3.3, 3.2]","[3.1, 3.0, 2.9, 2.9, 2.8, 2.8, 2.8, 2.9, 3.0, 3.0, 3.0, 3.0]","[3.1, 3.1, 3.1, 3.1]"
IDAHO,4.6,4.5,4.0,4.0,4.0,4.0,4.0,3.9,3.9,3.8,3.9,3.9,3.9,3.9,3.9,3.9,3.9,3.9,3.8,3.8,3.8,3.8,3.8,3.7,3.7,3.7,3.7,3.7,3.7,3.6,3.6,3.6,3.5,3.5,3.4,3.3,3.2,3.2,3.1,3.1,3.2,3.2,3.2,3.1,3.1,3.0,2.9,2.9,2.8,2.8,2.8,2.8,2.8,2.8,2.9,3.0,3.0,3.0,3.0,2.9,2.9,2.8,2.8,2.9,2.9,2.9,2.9,2.8,2.8,2.8,2.8,2.7,11.8,9.1,7.5,6.6,5.4,5.0,4.4,4.2,4.2,4.1,4.1,4.0,3.9,3.7,3.6,3.5,3.4,3.3,3.1,3.0,2.9,2.8,2.7,2.7,2.7,2.7,2.8,2.9,2.9,3.0,3.0,3.0,2.9,2.9,2.9,2.9,2.9,2.9,3.0,3.1,3.2,3.3,3.3,3.3,3.3,3.3,3.3,3.3,3.3,4.1,3.8666666666666654,3.6750000000000003,3.216666666666667,2.875,2.883333333333333,5.541666666666667,3.5499999999999994,2.8416666666666663,3.0833333333333335,3.3,"[4.6, 4.5, 4.0, 4.0, 4.0, 4.0, 4.0, 3.9, 3.9]","[3.8, 3.9, 3.9, 3.9, 3.9, 3.9, 3.9, 3.9, 3.9, 3.8, 3.8, 3.8]","[3.8, 3.8, 3.7, 3.7, 3.7, 3.7, 3.7, 3.7, 3.6, 3.6, 3.6, 3.5]","[3.5, 3.4, 3.3, 3.2, 3.2, 3.1, 3.1, 3.2, 3.2, 3.2, 3.1, 3.1]","[3.0, 2.9, 2.9, 2.8, 2.8, 2.8, 2.8, 2.8, 2.8, 2.9, 3.0, 3.0]","[3.0, 3.0, 2.9, 2.9, 2.8, 2.8, 2.9, 2.9, 2.9, 2.9, 2.8, 2.8]","[4.1, 4.1, 4.0, 3.9, 3.7, 3.6, 3.5, 3.4, 3.3, 3.1, 3.0, 2.9]","[2.8, 2.7, 2.7, 2.7, 2.7, 2.8, 2.9, 2.9, 3.0, 3.0, 3.0, 2.9]","[2.9, 2.9, 2.9, 2.9, 2.9, 3.0, 3.1, 3.2, 3.3, 3.3, 3.3, 3.3]","[3.3, 3.3, 3.3, 3.3]"
ILLINOIS,7.6,7.4,7.2,7.0,6.8,6.6,6.5,6.3,6.2,6.1,6.1,6.0,6.0,6.0,6.0,5.9,5.9,5.9,5.9,6.0,6.1,6.2,6.2,6.2,6.1,6.0,5.9,5.8,5.8,5.7,5.7,5.6,5.4,5.3,5.1,5.0,4.9,4.9,4.9,5.0,5.0,4.9,4.9,4.8,4.7,4.6,4.5,4.4,4.3,4.3,4.2,4.3,4.3,4.4,4.4,4.5,4.6,4.6,4.5,4.4,4.2,4.0,3.8,3.8,3.7,3.7,3.7,3.6,3.6,3.7,3.9,5.1,18.1,14.7,12.6,11.4,9.7,9.0,8.1,7.8,7.6,7.2,7.0,6.8,6.7,6.5,6.4,6.2,5.9,5.5,5.2,5.0,4.8,4.7,4.7,4.6,4.5,4.5,4.5,4.5,4.5,4.6,4.6,4.6,4.5,4.4,4.3,4.2,4.2,4.2,4.3,4.4,4.6,4.7,4.8,4.7,4.7,4.7,4.8,4.8,4.8,6.844444444444445,5.991666666666666,5.883333333333334,4.949999999999999,4.3999999999999995,3.9666666666666672,9.308333333333332,6.1000000000000005,4.566666666666667,4.458333333333334,4.775,"[7.6, 7.4, 7.2, 7.0, 6.8, 6.6, 6.5, 6.3, 6.2]","[6.1, 6.1, 6.0, 6.0, 6.0, 6.0, 5.9, 5.9, 5.9, 5.9, 6.0, 6.1]","[6.2, 6.2, 6.2, 6.1, 6.0, 5.9, 5.8, 5.8, 5.7, 5.7, 5.6, 5.4]","[5.3, 5.1, 5.0, 4.9, 4.9, 4.9, 5.0, 5.0, 4.9, 4.9, 4.8, 4.7]","[4.6, 4.5, 4.4, 4.3, 4.3, 4.2, 4.3, 4.3, 4.4, 4.4, 4.5, 4.6]","[4.6, 4.5, 4.4, 4.2, 4.0, 3.8, 3.8, 3.7, 3.7, 3.7, 3.6, 3.6]","[7.2, 7.0, 6.8, 6.7, 6.5, 6.4, 6.2, 5.9, 5.5, 5.2, 5.0, 4.8]","[4.7, 4.7, 4.6, 4.5, 4.5, 4.5, 4.5, 4.5, 4.6, 4.6, 4.6, 4.5]","[4.4, 4.3, 4.2, 4.2, 4.2, 4.3, 4.4, 4.6, 4.7, 4.8, 4.7, 4.7]","[4.7, 4.8, 4.8, 4.8]"
INDIANA,6.1,6.1,6.0,5.9,5.8,5.8,5.7,5.6,5.5,5.4,5.2,5.1,4.9,4.8,4.7,4.6,4.6,4.5,4.5,4.5,4.6,4.6,4.6,4.6,4.6,4.5,4.4,4.4,4.3,4.2,4.1,4.1,4.0,3.8,3.7,3.5,3.4,3.4,3.4,3.5,3.5,3.5,3.5,3.4,3.3,3.3,3.3,3.3,3.4,3.4,3.4,3.4,3.5,3.5,3.5,3.6,3.6,3.5,3.5,3.4,3.3,3.2,3.2,3.2,3.2,3.3,3.3,3.3,3.3,3.3,3.4,3.5,16.8,12.5,10.3,8.9,7.2,6.5,5.6,5.2,5.0,4.7,4.6,4.5,4.4,4.2,4.1,3.9,3.7,3.5,3.3,3.1,3.0,2.9,2.9,2.8,2.9,2.9,3.0,3.1,3.2,3.2,3.3,3.3,3.3,3.2,3.2,3.2,3.2,3.2,3.3,3.4,3.4,3.5,3.5,3.5,3.5,3.5,3.5,3.5,3.6,5.833333333333334,4.783333333333334,4.366666666666666,3.4916666666666667,3.4333333333333336,3.3083333333333322,7.3500000000000005,3.9166666666666665,3.0666666666666664,3.3416666666666663,3.525,"[6.1, 6.1, 6.0, 5.9, 5.8, 5.8, 5.7, 5.6, 5.5]","[5.4, 5.2, 5.1, 4.9, 4.8, 4.7, 4.6, 4.6, 4.5, 4.5, 4.5, 4.6]","[4.6, 4.6, 4.6, 4.6, 4.5, 4.4, 4.4, 4.3, 4.2, 4.1, 4.1, 4.0]","[3.8, 3.7, 3.5, 3.4, 3.4, 3.4, 3.5, 3.5, 3.5, 3.5, 3.4, 3.3]","[3.3, 3.3, 3.3, 3.4, 3.4, 3.4, 3.4, 3.5, 3.5, 3.5, 3.6, 3.6]","[3.5, 3.5, 3.4, 3.3, 3.2, 3.2, 3.2, 3.2, 3.3, 3.3, 3.3, 3.3]","[4.7, 4.6, 4.5, 4.4, 4.2, 4.1, 3.9, 3.7, 3.5, 3.3, 3.1, 3.0]","[2.9, 2.9, 2.8, 2.9, 2.9, 3.0, 3.1, 3.2, 3.2, 3.3, 3.3, 3.3]","[3.2, 3.2, 3.2, 3.2, 3.2, 3.3, 3.4, 3.4, 3.5, 3.5, 3.5, 3.5]","[3.5, 3.5, 3.5, 3.6]"
IOWA,4.3,4.3,4.3,4.2,4.2,4.2,4.1,4.0,3.9,3.9,3.8,3.8,3.8,3.7,3.7,3.6,3.6,3.6,3.6,3.6,3.6,3.6,3.6,3.6,3.6,3.6,3.7,3.6,3.6,3.6,3.5,3.5,3.4,3.3,3.2,3.2,3.1,3.1,3.1,3.1,3.0,3.0,2.9,2.9,2.8,2.8,2.7,2.6,2.6,2.5,2.5,2.5,2.5,2.5,2.5,2.6,2.6,2.6,2.6,2.6,2.6,2.6,2.6,2.7,2.7,2.8,2.7,2.7,2.7,2.7,2.7,2.6,11.0,8.4,6.8,5.9,5.0,4.6,4.3,4.2,4.2,4.2,4.2,4.3,4.3,4.3,4.2,4.0,3.8,3.6,3.3,3.1,2.9,2.7,2.6,2.5,2.5,2.6,2.7,2.8,3.0,3.1,3.1,3.1,3.0,2.9,2.9,2.8,2.8,2.8,2.9,3.0,3.1,3.1,3.1,3.1,3.0,3.0,3.0,2.9,2.8,4.166666666666666,3.691666666666667,3.5749999999999997,3.058333333333333,2.575,2.658333333333333,5.2,3.8499999999999996,2.8083333333333336,2.9583333333333335,2.925,"[4.3, 4.3, 4.3, 4.2, 4.2, 4.2, 4.1, 4.0, 3.9]","[3.9, 3.8, 3.8, 3.8, 3.7, 3.7, 3.6, 3.6, 3.6, 3.6, 3.6, 3.6]","[3.6, 3.6, 3.6, 3.6, 3.6, 3.7, 3.6, 3.6, 3.6, 3.5, 3.5, 3.4]","[3.3, 3.2, 3.2, 3.1, 3.1, 3.1, 3.1, 3.0, 3.0, 2.9, 2.9, 2.8]","[2.8, 2.7, 2.6, 2.6, 2.5, 2.5, 2.5, 2.5, 2.5, 2.5, 2.6, 2.6]","[2.6, 2.6, 2.6, 2.6, 2.6, 2.6, 2.7, 2.7, 2.8, 2.7, 2.7, 2.7]","[4.2, 4.2, 4.3, 4.3, 4.3, 4.2, 4.0, 3.8, 3.6, 3.3, 3.1, 2.9]","[2.7, 2.6, 2.5, 2.5, 2.6, 2.7, 2.8, 3.0, 3.1, 3.1, 3.1, 3.0]","[2.9, 2.9, 2.8, 2.8, 2.8, 2.9, 3.0, 3.1, 3.1, 3.1, 3.1, 3.0]","[3.0, 3.0, 2.9, 2.8]"
KANSAS,4.6,4.6,4.5,4.5,4.4,4.4,4.3,4.3,4.3,4.3,4.4,4.4,4.4,4.3,4.2,4.1,4.0,4.0,3.9,3.9,3.9,3.9,3.9,3.9,4.0,4.0,4.0,4.1,4.1,4.1,4.1,4.1,4.0,3.9,3.8,3.7,3.6,3.6,3.6,3.6,3.6,3.6,3.5,3.5,3.4,3.5,3.4,3.4,3.4,3.3,3.3,3.3,3.3,3.3,3.3,3.4,3.4,3.3,3.3,3.2,3.2,3.2,3.1,3.1,3.1,3.1,3.1,3.1,3.1,3.1,3.1,3.1,12.1,9.1,7.4,6.7,5.8,5.4,4.9,4.7,4.4,4.0,3.8,3.7,3.6,3.6,3.5,3.4,3.3,3.1,2.9,2.7,2.6,2.5,2.5,2.5,2.5,2.5,2.6,2.6,2.7,2.7,2.8,2.8,2.8,2.8,2.8,2.7,2.7,2.6,2.6,2.6,2.6,2.6,2.6,2.6,2.6,2.6,2.7,2.7,2.8,4.433333333333334,4.1499999999999995,4.016666666666667,3.6166666666666667,3.358333333333333,3.1583333333333337,5.816666666666666,3.35,2.625,2.650000000000001,2.7,"[4.6, 4.6, 4.5, 4.5, 4.4, 4.4, 4.3, 4.3, 4.3]","[4.3, 4.4, 4.4, 4.4, 4.3, 4.2, 4.1, 4.0, 4.0, 3.9, 3.9, 3.9]","[3.9, 3.9, 3.9, 4.0, 4.0, 4.0, 4.1, 4.1, 4.1, 4.1, 4.1, 4.0]","[3.9, 3.8, 3.7, 3.6, 3.6, 3.6, 3.6, 3.6, 3.6, 3.5, 3.5, 3.4]","[3.5, 3.4, 3.4, 3.4, 3.3, 3.3, 3.3, 3.3, 3.3, 3.3, 3.4, 3.4]","[3.3, 3.3, 3.2, 3.2, 3.2, 3.1, 3.1, 3.1, 3.1, 3.1, 3.1, 3.1]","[4.0, 3.8, 3.7, 3.6, 3.6, 3.5, 3.4, 3.3, 3.1, 2.9, 2.7, 2.6]","[2.5, 2.5, 2.5, 2.5, 2.5, 2.6, 2.6, 2.7, 2.7, 2.8, 2.8, 2.8]","[2.8, 2.8, 2.7, 2.7, 2.6, 2.6, 2.6, 2.6, 2.6, 2.6, 2.6, 2.6]","[2.6, 2.7, 2.7, 2.8]"
KENTUCKY,7.0,6.7,6.5,6.3,6.0,5.9,5.7,5.5,5.4,5.3,5.3,5.3,5.3,5.2,5.2,5.2,5.2,5.2,5.2,5.2,5.2,5.2,5.1,5.1,5.0,4.9,4.9,4.9,5.0,5.0,5.1,5.1,5.1,5.1,5.0,5.0,5.0,4.9,4.9,4.8,4.8,4.6,4.5,4.4,4.3,4.2,4.2,4.2,4.2,4.2,4.2,4.2,4.2,4.2,4.2,4.2,4.2,4.2,4.2,4.1,4.1,4.1,4.1,4.1,4.1,4.1,4.0,4.0,4.0,4.1,4.1,4.2,16.8,12.8,5.3,5.8,5.2,5.0,4.8,4.8,4.7,4.6,4.6,4.6,4.6,4.5,4.6,4.6,4.5,4.4,4.3,4.2,4.1,4.0,4.0,3.9,3.9,4.0,4.0,4.0,4.1,4.1,4.1,4.1,4.1,4.1,4.0,4.0,4.0,4.1,4.1,4.2,4.2,4.3,4.3,4.3,4.3,4.3,4.4,4.5,4.6,6.111111111111111,5.233333333333334,5.033333333333333,4.7749999999999995,4.200000000000001,4.091666666666668,6.466666666666666,4.466666666666667,4.025,4.158333333333332,4.449999999999999,"[7.0, 6.7, 6.5, 6.3, 6.0, 5.9, 5.7, 5.5, 5.4]","[5.3, 5.3, 5.3, 5.3, 5.2, 5.2, 5.2, 5.2, 5.2, 5.2, 5.2, 5.2]","[5.2, 5.1, 5.1, 5.0, 4.9, 4.9, 4.9, 5.0, 5.0, 5.1, 5.1, 5.1]","[5.1, 5.0, 5.0, 5.0, 4.9, 4.9, 4.8, 4.8, 4.6, 4.5, 4.4, 4.3]","[4.2, 4.2, 4.2, 4.2, 4.2, 4.2, 4.2, 4.2, 4.2, 4.2, 4.2, 4.2]","[4.2, 4.2, 4.1, 4.1, 4.1, 4.1, 4.1, 4.1, 4.1, 4.0, 4.0, 4.0]","[4.6, 4.6, 4.6, 4.6, 4.5, 4.6, 4.6, 4.5, 4.4, 4.3, 4.2, 4.1]","[4.0, 4.0, 3.9, 3.9, 4.0, 4.0, 4.0, 4.1, 4.1, 4.1, 4.1, 4.1]","[4.1, 4.0, 4.0, 4.0, 4.1, 4.1, 4.2, 4.2, 4.3, 4.3, 4.3, 4.3]","[4.3, 4.4, 4.5, 4.6]"
LOUISIANA,5.8,6.0,6.2,6.4,6.6,6.7,6.8,6.8,6.8,6.8,6.7,6.6,6.5,6.4,6.3,6.1,6.1,6.0,6.0,6.0,6.0,6.0,6.1,6.1,6.1,6.1,6.1,6.1,6.1,6.1,6.1,6.0,5.9,5.8,5.7,5.5,5.4,5.2,5.1,4.9,4.8,4.8,4.7,4.7,4.7,4.7,4.7,4.8,4.9,4.9,4.9,4.9,4.9,4.8,4.8,4.8,4.8,4.7,4.6,4.5,4.4,4.4,4.4,4.6,4.7,4.8,4.8,4.8,4.8,4.8,4.7,6.7,13.5,12.3,11.0,10.4,9.2,8.7,8.0,7.6,7.4,7.0,6.8,6.6,6.4,6.1,5.9,5.5,5.2,4.8,4.5,4.3,4.1,4.0,3.8,3.7,3.6,3.6,3.5,3.5,3.5,3.6,3.6,3.6,3.6,3.7,3.6,3.5,3.4,3.4,3.3,3.4,3.6,3.8,4.0,4.0,4.0,4.1,4.2,4.4,4.3,6.455555555555555,6.291666666666667,6.066666666666667,5.108333333333333,4.824999999999998,4.624999999999999,8.691666666666668,5.599999999999999,3.6333333333333333,3.641666666666667,4.25,"[5.8, 6.0, 6.2, 6.4, 6.6, 6.7, 6.8, 6.8, 6.8]","[6.8, 6.7, 6.6, 6.5, 6.4, 6.3, 6.1, 6.1, 6.0, 6.0, 6.0, 6.0]","[6.0, 6.1, 6.1, 6.1, 6.1, 6.1, 6.1, 6.1, 6.1, 6.1, 6.0, 5.9]","[5.8, 5.7, 5.5, 5.4, 5.2, 5.1, 4.9, 4.8, 4.8, 4.7, 4.7, 4.7]","[4.7, 4.7, 4.8, 4.9, 4.9, 4.9, 4.9, 4.9, 4.8, 4.8, 4.8, 4.8]","[4.7, 4.6, 4.5, 4.4, 4.4, 4.4, 4.6, 4.7, 4.8, 4.8, 4.8, 4.8]","[7.0, 6.8, 6.6, 6.4, 6.1, 5.9, 5.5, 5.2, 4.8, 4.5, 4.3, 4.1]","[4.0, 3.8, 3.7, 3.6, 3.6, 3.5, 3.5, 3.5, 3.6, 3.6, 3.6, 3.6]","[3.7, 3.6, 3.5, 3.4, 3.4, 3.3, 3.4, 3.6, 3.8, 4.0, 4.0, 4.0]","[4.1, 4.2, 4.4, 4.3]"
MAINE,5.8,5.7,5.6,5.5,5.4,5.3,5.2,5.2,5.0,4.9,4.8,4.7,4.6,4.5,4.4,4.3,4.2,4.1,4.1,4.0,4.0,4.0,3.9,3.9,3.9,3.8,3.8,3.8,3.7,3.7,3.7,3.6,3.5,3.5,3.4,3.4,3.4,3.4,3.4,3.4,3.4,3.4,3.3,3.2,3.1,3.1,3.0,3.0,3.0,3.1,3.2,3.3,3.3,3.3,3.3,3.3,3.2,3.1,3.0,2.9,2.8,2.7,2.7,2.8,2.8,2.9,3.0,3.1,3.1,3.2,3.2,3.2,9.3,9.5,6.6,6.3,4.2,4.0,3.8,3.9,4.2,4.4,4.7,4.9,5.1,5.0,5.1,4.9,4.8,4.6,4.4,4.2,3.9,3.7,3.3,3.0,2.8,2.7,2.6,2.6,2.5,2.7,2.8,2.8,2.7,2.5,2.4,2.4,2.4,2.5,2.6,2.8,3.0,3.2,3.4,3.4,3.4,3.4,3.4,3.3,3.1,5.411111111111111,4.383333333333334,3.7750000000000004,3.358333333333333,3.1750000000000003,2.908333333333333,5.116666666666666,4.666666666666667,2.85,2.8333333333333335,3.3,"[5.8, 5.7, 5.6, 5.5, 5.4, 5.3, 5.2, 5.2, 5.0]","[4.9, 4.8, 4.7, 4.6, 4.5, 4.4, 4.3, 4.2, 4.1, 4.1, 4.0, 4.0]","[4.0, 3.9, 3.9, 3.9, 3.8, 3.8, 3.8, 3.7, 3.7, 3.7, 3.6, 3.5]","[3.5, 3.4, 3.4, 3.4, 3.4, 3.4, 3.4, 3.4, 3.4, 3.3, 3.2, 3.1]","[3.1, 3.0, 3.0, 3.0, 3.1, 3.2, 3.3, 3.3, 3.3, 3.3, 3.3, 3.2]","[3.1, 3.0, 2.9, 2.8, 2.7, 2.7, 2.8, 2.8, 2.9, 3.0, 3.1, 3.1]","[4.4, 4.7, 4.9, 5.1, 5.0, 5.1, 4.9, 4.8, 4.6, 4.4, 4.2, 3.9]","[3.7, 3.3, 3.0, 2.8, 2.7, 2.6, 2.6, 2.5, 2.7, 2.8, 2.8, 2.7]","[2.5, 2.4, 2.4, 2.4, 2.5, 2.6, 2.8, 3.0, 3.2, 3.4, 3.4, 3.4]","[3.4, 3.4, 3.3, 3.1]"
MARYLAND,5.9,5.8,5.8,5.7,5.6,5.6,5.5,5.5,5.4,5.4,5.3,5.3,5.2,5.1,5.0,4.9,4.9,4.8,4.7,4.7,4.6,4.5,4.4,4.3,4.3,4.3,4.3,4.2,4.2,4.3,4.3,4.2,4.2,4.1,4.0,4.0,3.9,3.9,3.9,4.0,4.0,4.0,4.1,4.1,4.0,4.1,4.0,4.0,3.9,3.8,3.8,3.7,3.7,3.7,3.7,3.7,3.7,3.6,3.5,3.5,3.4,3.4,3.3,3.4,3.4,3.3,3.3,3.2,3.2,3.3,3.4,3.4,9.0,8.8,8.1,7.8,7.1,7.0,6.6,6.5,6.6,6.3,6.2,6.1,5.9,5.7,5.7,5.3,5.1,4.6,4.3,3.9,3.6,3.5,3.3,3.1,3.0,3.0,3.0,3.0,3.0,2.9,2.8,2.7,2.5,2.4,2.2,2.0,1.9,1.9,1.9,1.9,2.1,2.2,2.3,2.2,2.2,2.3,2.4,2.5,2.6,5.644444444444444,4.991666666666666,4.291666666666667,4.0,3.8166666666666678,3.375,6.466666666666666,5.225,2.983333333333333,2.1,2.4499999999999997,"[5.9, 5.8, 5.8, 5.7, 5.6, 5.6, 5.5, 5.5, 5.4]","[5.4, 5.3, 5.3, 5.2, 5.1, 5.0, 4.9, 4.9, 4.8, 4.7, 4.7, 4.6]","[4.5, 4.4, 4.3, 4.3, 4.3, 4.3, 4.2, 4.2, 4.3, 4.3, 4.2, 4.2]","[4.1, 4.0, 4.0, 3.9, 3.9, 3.9, 4.0, 4.0, 4.0, 4.1, 4.1, 4.0]","[4.1, 4.0, 4.0, 3.9, 3.8, 3.8, 3.7, 3.7, 3.7, 3.7, 3.7, 3.7]","[3.6, 3.5, 3.5, 3.4, 3.4, 3.3, 3.4, 3.4, 3.3, 3.3, 3.2, 3.2]","[6.3, 6.2, 6.1, 5.9, 5.7, 5.7, 5.3, 5.1, 4.6, 4.3, 3.9, 3.6]","[3.5, 3.3, 3.1, 3.0, 3.0, 3.0, 3.0, 3.0, 2.9, 2.8, 2.7, 2.5]","[2.4, 2.2, 2.0, 1.9, 1.9, 1.9, 1.9, 2.1, 2.2, 2.3, 2.2, 2.2]","[2.3, 2.4, 2.5, 2.6]"
MASSACHUSETTS,5.9,5.9,5.8,5.7,5.6,5.6,5.5,5.4,5.2,5.2,5.1,5.0,5.0,4.9,4.8,4.7,4.7,4.6,4.6,4.5,4.4,4.4,4.3,4.2,4.1,4.1,4.0,3.9,3.9,3.9,3.9,3.9,3.9,3.8,3.8,3.8,3.8,3.8,3.8,3.8,3.8,3.8,3.8,3.8,3.7,3.7,3.7,3.6,3.6,3.5,3.5,3.4,3.4,3.4,3.3,3.3,3.3,3.2,3.2,3.1,3.1,3.0,3.0,3.0,3.0,3.0,2.9,2.9,2.9,3.0,3.0,3.0,17.4,14.9,14.5,12.6,10.4,9.7,8.5,7.9,7.6,6.9,6.5,6.2,6.1,5.7,5.7,5.3,5.1,4.7,4.5,4.2,3.9,3.9,3.8,3.6,3.6,3.7,3.6,3.6,3.7,3.6,3.7,3.6,3.5,3.5,3.6,3.5,3.2,3.3,3.3,3.2,3.3,3.3,3.4,3.3,3.2,3.0,2.9,2.9,2.9,5.622222222222223,4.791666666666667,4.041666666666666,3.7916666666666665,3.474999999999999,3.025,9.375,5.400000000000001,3.6583333333333337,3.341666666666667,2.9250000000000003,"[5.9, 5.9, 5.8, 5.7, 5.6, 5.6, 5.5, 5.4, 5.2]","[5.2, 5.1, 5.0, 5.0, 4.9, 4.8, 4.7, 4.7, 4.6, 4.6, 4.5, 4.4]","[4.4, 4.3, 4.2, 4.1, 4.1, 4.0, 3.9, 3.9, 3.9, 3.9, 3.9, 3.9]","[3.8, 3.8, 3.8, 3.8, 3.8, 3.8, 3.8, 3.8, 3.8, 3.8, 3.8, 3.7]","[3.7, 3.7, 3.6, 3.6, 3.5, 3.5, 3.4, 3.4, 3.4, 3.3, 3.3, 3.3]","[3.2, 3.2, 3.1, 3.1, 3.0, 3.0, 3.0, 3.0, 3.0, 2.9, 2.9, 2.9]","[6.9, 6.5, 6.2, 6.1, 5.7, 5.7, 5.3, 5.1, 4.7, 4.5, 4.2, 3.9]","[3.9, 3.8, 3.6, 3.6, 3.7, 3.6, 3.6, 3.7, 3.6, 3.7, 3.6, 3.5]","[3.5, 3.6, 3.5, 3.2, 3.3, 3.3, 3.2, 3.3, 3.3, 3.4, 3.3, 3.2]","[3.0, 2.9, 2.9, 2.9]"
MICHIGAN,7.7,7.5,7.4,7.2,7.0,6.8,6.6,6.4,6.2,6.0,5.9,5.8,5.7,5.6,5.5,5.4,5.2,5.1,5.0,5.0,4.9,4.9,4.9,5.0,5.0,5.0,5.0,5.0,5.0,5.1,5.1,5.1,5.0,4.8,4.7,4.5,4.3,4.3,4.4,4.5,4.6,4.7,4.8,4.7,4.6,4.5,4.4,4.3,4.1,4.0,4.0,4.0,4.0,4.1,4.1,4.2,4.2,4.2,4.2,4.2,4.2,4.1,4.1,4.1,4.1,4.0,3.9,3.8,3.7,3.7,3.7,3.7,22.6,19.2,14.5,12.5,10.0,8.9,7.7,7.1,7.0,6.5,6.3,6.2,6.2,6.2,6.2,6.0,5.8,5.4,5.1,4.8,4.5,4.4,4.3,4.2,4.1,4.0,4.0,4.0,4.0,4.1,4.2,4.2,4.1,4.0,3.8,3.7,3.6,3.6,3.7,3.8,4.0,4.1,4.2,4.1,4.1,4.0,3.9,3.9,3.9,6.977777777777778,5.425000000000001,5.008333333333334,4.575,4.158333333333334,4.05,10.05,5.766666666666667,4.133333333333334,3.891666666666667,3.9250000000000003,"[7.7, 7.5, 7.4, 7.2, 7.0, 6.8, 6.6, 6.4, 6.2]","[6.0, 5.9, 5.8, 5.7, 5.6, 5.5, 5.4, 5.2, 5.1, 5.0, 5.0, 4.9]","[4.9, 4.9, 5.0, 5.0, 5.0, 5.0, 5.0, 5.0, 5.1, 5.1, 5.1, 5.0]","[4.8, 4.7, 4.5, 4.3, 4.3, 4.4, 4.5, 4.6, 4.7, 4.8, 4.7, 4.6]","[4.5, 4.4, 4.3, 4.1, 4.0, 4.0, 4.0, 4.0, 4.1, 4.1, 4.2, 4.2]","[4.2, 4.2, 4.2, 4.2, 4.1, 4.1, 4.1, 4.1, 4.0, 3.9, 3.8, 3.7]","[6.5, 6.3, 6.2, 6.2, 6.2, 6.2, 6.0, 5.8, 5.4, 5.1, 4.8, 4.5]","[4.4, 4.3, 4.2, 4.1, 4.0, 4.0, 4.0, 4.0, 4.1, 4.2, 4.2, 4.1]","[4.0, 3.8, 3.7, 3.6, 3.6, 3.7, 3.8, 4.0, 4.1, 4.2, 4.1, 4.1]","[4.0, 3.9, 3.9, 3.9]"
MINNESOTA,4.5,4.4,4.3,4.2,4.1,4.0,4.0,3.9,3.9,3.8,3.8,3.8,3.8,3.8,3.8,3.8,3.8,3.8,3.7,3.8,3.8,3.8,3.8,3.8,3.8,3.8,3.8,3.9,3.9,4.0,4.0,4.0,3.9,3.8,3.7,3.6,3.5,3.5,3.5,3.4,3.4,3.4,3.4,3.3,3.3,3.1,3.1,3.0,3.0,2.9,2.9,2.9,2.9,3.0,3.1,3.2,3.2,3.3,3.3,3.3,3.2,3.2,3.2,3.2,3.3,3.3,3.3,3.3,3.4,3.4,3.5,3.6,8.9,11.2,8.9,7.9,6.7,6.1,5.4,5.0,4.8,4.4,4.2,4.1,4.0,3.9,3.8,3.7,3.6,3.4,3.3,3.1,2.9,2.7,2.5,2.4,2.3,2.3,2.3,2.4,2.5,2.7,2.7,2.8,2.8,2.8,2.8,2.8,2.8,2.9,2.9,3.0,2.9,2.8,2.8,2.7,2.7,2.7,2.7,2.7,2.7,4.144444444444444,3.7916666666666665,3.8749999999999996,3.4833333333333325,3.0250000000000004,3.274999999999999,6.283333333333334,3.6999999999999997,2.533333333333333,2.8249999999999997,2.7,"[4.5, 4.4, 4.3, 4.2, 4.1, 4.0, 4.0, 3.9, 3.9]","[3.8, 3.8, 3.8, 3.8, 3.8, 3.8, 3.8, 3.8, 3.8, 3.7, 3.8, 3.8]","[3.8, 3.8, 3.8, 3.8, 3.8, 3.8, 3.9, 3.9, 4.0, 4.0, 4.0, 3.9]","[3.8, 3.7, 3.6, 3.5, 3.5, 3.5, 3.4, 3.4, 3.4, 3.4, 3.3, 3.3]","[3.1, 3.1, 3.0, 3.0, 2.9, 2.9, 2.9, 2.9, 3.0, 3.1, 3.2, 3.2]","[3.3, 3.3, 3.3, 3.2, 3.2, 3.2, 3.2, 3.3, 3.3, 3.3, 3.3, 3.4]","[4.4, 4.2, 4.1, 4.0, 3.9, 3.8, 3.7, 3.6, 3.4, 3.3, 3.1, 2.9]","[2.7, 2.5, 2.4, 2.3, 2.3, 2.3, 2.4, 2.5, 2.7, 2.7, 2.8, 2.8]","[2.8, 2.8, 2.8, 2.8, 2.9, 2.9, 3.0, 2.9, 2.8, 2.8, 2.7, 2.7]","[2.7, 2.7, 2.7, 2.7]"
MISSISSIPPI,7.9,7.8,7.7,7.6,7.5,7.4,7.2,7.1,6.9,6.8,6.7,6.7,6.6,6.5,6.4,6.3,6.3,6.3,6.4,6.4,6.4,6.3,6.2,6.1,6.0,6.0,5.9,5.9,5.9,5.9,5.9,5.8,5.7,5.6,5.5,5.4,5.4,5.3,5.3,5.2,5.2,5.1,5.0,4.9,4.9,4.9,4.9,4.9,4.9,4.9,4.8,4.8,4.9,4.9,5.1,5.2,5.3,5.4,5.4,5.4,5.4,5.4,5.5,5.6,5.7,5.6,5.6,5.5,5.5,5.6,5.8,5.9,15.6,11.2,9.4,8.3,7.4,7.1,6.8,6.7,6.6,6.5,6.3,6.2,6.1,5.9,5.7,5.5,5.2,4.9,4.6,4.4,4.2,4.1,3.9,3.8,3.7,3.7,3.7,3.7,3.8,3.8,3.8,3.8,3.6,3.5,3.3,3.2,3.1,3.1,3.1,3.1,3.2,3.2,3.2,3.2,3.2,3.2,3.1,3.0,2.8,7.455555555555557,6.483333333333333,5.966666666666666,5.233333333333333,4.958333333333333,5.5,8.033333333333333,5.458333333333333,3.7833333333333328,3.2000000000000006,3.0250000000000004,"[7.9, 7.8, 7.7, 7.6, 7.5, 7.4, 7.2, 7.1, 6.9]","[6.8, 6.7, 6.7, 6.6, 6.5, 6.4, 6.3, 6.3, 6.3, 6.4, 6.4, 6.4]","[6.3, 6.2, 6.1, 6.0, 6.0, 5.9, 5.9, 5.9, 5.9, 5.9, 5.8, 5.7]","[5.6, 5.5, 5.4, 5.4, 5.3, 5.3, 5.2, 5.2, 5.1, 5.0, 4.9, 4.9]","[4.9, 4.9, 4.9, 4.9, 4.9, 4.8, 4.8, 4.9, 4.9, 5.1, 5.2, 5.3]","[5.4, 5.4, 5.4, 5.4, 5.4, 5.5, 5.6, 5.7, 5.6, 5.6, 5.5, 5.5]","[6.5, 6.3, 6.2, 6.1, 5.9, 5.7, 5.5, 5.2, 4.9, 4.6, 4.4, 4.2]","[4.1, 3.9, 3.8, 3.7, 3.7, 3.7, 3.7, 3.8, 3.8, 3.8, 3.8, 3.6]","[3.5, 3.3, 3.2, 3.1, 3.1, 3.1, 3.1, 3.2, 3.2, 3.2, 3.2, 3.2]","[3.2, 3.1, 3.0, 2.8]"
MISSOURI,6.4,6.3,6.2,6.1,6.0,5.9,5.8,5.7,5.7,5.6,5.6,5.6,5.5,5.3,5.2,5.0,4.9,4.8,4.7,4.6,4.5,4.5,4.4,4.4,4.5,4.6,4.7,4.7,4.7,4.7,4.6,4.5,4.3,4.2,4.1,3.9,3.8,3.7,3.7,3.6,3.6,3.6,3.6,3.6,3.5,3.6,3.5,3.4,3.3,3.2,3.1,3.1,3.0,3.1,3.1,3.2,3.3,3.3,3.3,3.2,3.2,3.1,3.1,3.1,3.2,3.3,3.4,3.4,3.4,3.4,3.4,3.5,11.6,9.6,8.0,7.2,6.4,5.9,5.4,5.2,5.0,4.9,4.8,4.8,4.7,4.5,4.3,4.1,3.9,3.7,3.5,3.3,3.2,3.0,2.7,2.5,2.4,2.3,2.3,2.4,2.5,2.7,2.8,2.8,2.8,2.8,2.8,2.8,2.9,2.9,3.0,3.1,3.2,3.3,3.3,3.3,3.3,3.3,3.3,3.3,3.4,6.011111111111111,5.108333333333333,4.55,3.741666666666667,3.241666666666667,3.25,6.216666666666668,4.141666666666667,2.6,3.058333333333333,3.3249999999999997,"[6.4, 6.3, 6.2, 6.1, 6.0, 5.9, 5.8, 5.7, 5.7]","[5.6, 5.6, 5.6, 5.5, 5.3, 5.2, 5.0, 4.9, 4.8, 4.7, 4.6, 4.5]","[4.5, 4.4, 4.4, 4.5, 4.6, 4.7, 4.7, 4.7, 4.7, 4.6, 4.5, 4.3]","[4.2, 4.1, 3.9, 3.8, 3.7, 3.7, 3.6, 3.6, 3.6, 3.6, 3.6, 3.5]","[3.6, 3.5, 3.4, 3.3, 3.2, 3.1, 3.1, 3.0, 3.1, 3.1, 3.2, 3.3]","[3.3, 3.3, 3.2, 3.2, 3.1, 3.1, 3.1, 3.2, 3.3, 3.4, 3.4, 3.4]","[4.9, 4.8, 4.8, 4.7, 4.5, 4.3, 4.1, 3.9, 3.7, 3.5, 3.3, 3.2]","[3.0, 2.7, 2.5, 2.4, 2.3, 2.3, 2.4, 2.5, 2.7, 2.8, 2.8, 2.8]","[2.8, 2.8, 2.8, 2.9, 2.9, 3.0, 3.1, 3.2, 3.3, 3.3, 3.3, 3.3]","[3.3, 3.3, 3.3, 3.4]"
MONTANA,4.7,4.7,4.7,4.6,4.6,4.6,4.5,4.5,4.4,4.3,4.3,4.3,4.2,4.3,4.3,4.3,4.3,4.3,4.3,4.3,4.3,4.4,4.4,4.4,4.4,4.4,4.3,4.3,4.3,4.3,4.3,4.2,4.2,4.2,4.1,4.1,4.1,4.1,4.1,4.1,4.1,4.1,4.1,4.0,4.0,4.0,3.9,3.8,3.8,3.7,3.7,3.7,3.7,3.7,3.7,3.7,3.6,3.6,3.6,3.5,3.5,3.4,3.4,3.5,3.5,3.5,3.5,3.5,3.5,3.6,3.5,3.5,12.0,9.2,7.6,6.7,5.6,5.2,4.6,4.4,4.2,4.0,3.9,3.8,3.7,3.6,3.5,3.4,3.3,3.1,3.0,2.8,2.7,2.7,2.6,2.6,2.7,2.7,2.7,2.8,2.8,2.7,2.7,2.6,2.6,2.5,2.5,2.5,2.6,2.6,2.7,2.8,3.0,3.2,3.3,3.3,3.3,3.3,3.4,3.3,3.1,4.5888888888888895,4.291666666666665,4.325,4.091666666666668,3.7500000000000004,3.5,5.841666666666668,3.4,2.6833333333333336,2.858333333333333,3.275,"[4.7, 4.7, 4.7, 4.6, 4.6, 4.6, 4.5, 4.5, 4.4]","[4.3, 4.3, 4.3, 4.2, 4.3, 4.3, 4.3, 4.3, 4.3, 4.3, 4.3, 4.3]","[4.4, 4.4, 4.4, 4.4, 4.4, 4.3, 4.3, 4.3, 4.3, 4.3, 4.2, 4.2]","[4.2, 4.1, 4.1, 4.1, 4.1, 4.1, 4.1, 4.1, 4.1, 4.1, 4.0, 4.0]","[4.0, 3.9, 3.8, 3.8, 3.7, 3.7, 3.7, 3.7, 3.7, 3.7, 3.7, 3.6]","[3.6, 3.6, 3.5, 3.5, 3.4, 3.4, 3.5, 3.5, 3.5, 3.5, 3.5, 3.5]","[4.0, 3.9, 3.8, 3.7, 3.6, 3.5, 3.4, 3.3, 3.1, 3.0, 2.8, 2.7]","[2.7, 2.6, 2.6, 2.7, 2.7, 2.7, 2.8, 2.8, 2.7, 2.7, 2.6, 2.6]","[2.5, 2.5, 2.5, 2.6, 2.6, 2.7, 2.8, 3.0, 3.2, 3.3, 3.3, 3.3]","[3.3, 3.4, 3.3, 3.1]"
NEBRASKA,3.4,3.3,3.3,3.2,3.2,3.1,3.1,3.0,3.0,2.9,2.9,3.0,3.0,3.0,3.0,3.0,3.0,3.0,3.0,3.0,3.0,3.0,3.0,3.0,3.0,3.0,3.1,3.1,3.1,3.1,3.2,3.1,3.1,3.1,3.0,3.0,2.9,2.9,2.9,2.9,3.0,3.0,3.0,3.0,3.0,2.9,2.9,2.9,2.9,2.8,2.9,2.9,2.9,2.9,3.0,3.0,3.1,3.1,3.1,3.1,3.1,3.1,3.1,3.1,3.2,3.2,3.2,3.1,3.1,3.0,3.0,4.4,8.2,6.4,5.2,4.6,3.9,3.5,3.1,3.0,3.0,2.9,2.9,2.9,2.8,2.7,2.7,2.6,2.5,2.4,2.3,2.2,2.1,2.0,2.0,1.9,1.9,2.0,2.1,2.2,2.3,2.4,2.4,2.3,2.2,2.1,2.1,2.0,2.0,2.1,2.2,2.3,2.4,2.5,2.5,2.5,2.5,2.5,2.5,2.5,2.5,3.177777777777778,2.983333333333333,3.066666666666667,2.975,2.9249999999999994,3.125,4.275,2.5833333333333335,2.1416666666666666,2.2666666666666666,2.5,"[3.4, 3.3, 3.3, 3.2, 3.2, 3.1, 3.1, 3.0, 3.0]","[2.9, 2.9, 3.0, 3.0, 3.0, 3.0, 3.0, 3.0, 3.0, 3.0, 3.0, 3.0]","[3.0, 3.0, 3.0, 3.0, 3.0, 3.1, 3.1, 3.1, 3.1, 3.2, 3.1, 3.1]","[3.1, 3.0, 3.0, 2.9, 2.9, 2.9, 2.9, 3.0, 3.0, 3.0, 3.0, 3.0]","[2.9, 2.9, 2.9, 2.9, 2.8, 2.9, 2.9, 2.9, 2.9, 3.0, 3.0, 3.1]","[3.1, 3.1, 3.1, 3.1, 3.1, 3.1, 3.1, 3.2, 3.2, 3.2, 3.1, 3.1]","[2.9, 2.9, 2.9, 2.8, 2.7, 2.7, 2.6, 2.5, 2.4, 2.3, 2.2, 2.1]","[2.0, 2.0, 1.9, 1.9, 2.0, 2.1, 2.2, 2.3, 2.4, 2.4, 2.3, 2.2]","[2.1, 2.1, 2.0, 2.0, 2.1, 2.2, 2.3, 2.4, 2.5, 2.5, 2.5, 2.5]","[2.5, 2.5, 2.5, 2.5]"
NEVADA,8.5,8.3,8.2,8.1,7.9,7.8,7.7,7.6,7.5,7.4,7.3,7.2,7.1,7.0,6.9,6.8,6.7,6.6,6.5,6.4,6.3,6.2,6.2,6.1,6.0,5.9,5.8,5.7,5.7,5.6,5.6,5.5,5.4,5.4,5.3,5.2,5.1,5.0,4.9,4.8,4.8,4.8,4.8,4.8,4.9,4.7,4.6,4.6,4.5,4.4,4.3,4.2,4.2,4.2,4.3,4.3,4.3,4.3,4.3,4.2,4.2,4.1,4.1,4.0,4.1,4.1,4.1,4.1,4.2,4.2,4.4,7.3,30.6,24.7,18.9,16.7,13.9,12.7,11.2,10.3,9.7,8.9,8.5,8.0,7.6,7.2,6.9,6.5,6.2,5.9,5.6,5.4,5.3,5.2,5.2,5.1,5.1,5.1,5.1,5.2,5.2,5.3,5.3,5.3,5.3,5.2,5.2,5.1,5.0,5.0,5.0,5.0,5.1,5.2,5.3,5.3,5.3,5.3,5.2,5.1,5.1,7.955555555555555,6.8500000000000005,5.8083333333333345,4.983333333333332,4.383333333333333,4.150000000000001,13.716666666666663,6.833333333333333,5.2,5.141666666666667,5.175,"[8.5, 8.3, 8.2, 8.1, 7.9, 7.8, 7.7, 7.6, 7.5]","[7.4, 7.3, 7.2, 7.1, 7.0, 6.9, 6.8, 6.7, 6.6, 6.5, 6.4, 6.3]","[6.2, 6.2, 6.1, 6.0, 5.9, 5.8, 5.7, 5.7, 5.6, 5.6, 5.5, 5.4]","[5.4, 5.3, 5.2, 5.1, 5.0, 4.9, 4.8, 4.8, 4.8, 4.8, 4.8, 4.9]","[4.7, 4.6, 4.6, 4.5, 4.4, 4.3, 4.2, 4.2, 4.2, 4.3, 4.3, 4.3]","[4.3, 4.3, 4.2, 4.2, 4.1, 4.1, 4.0, 4.1, 4.1, 4.1, 4.1, 4.2]","[8.9, 8.5, 8.0, 7.6, 7.2, 6.9, 6.5, 6.2, 5.9, 5.6, 5.4, 5.3]","[5.2, 5.2, 5.1, 5.1, 5.1, 5.1, 5.2, 5.2, 5.3, 5.3, 5.3, 5.3]","[5.2, 5.2, 5.1, 5.0, 5.0, 5.0, 5.0, 5.1, 5.2, 5.3, 5.3, 5.3]","[5.3, 5.2, 5.1, 5.1]"
NEW HAMPSHIRE,4.5,4.4,4.3,4.3,4.2,4.1,4.1,4.0,3.9,3.8,3.8,3.7,3.6,3.5,3.4,3.3,3.3,3.2,3.1,3.0,3.0,2.9,2.9,2.8,2.8,2.9,2.9,2.9,2.9,2.9,2.9,2.9,2.9,2.9,2.9,2.8,2.8,2.8,2.7,2.8,2.8,2.8,2.8,2.8,2.8,2.7,2.7,2.7,2.7,2.7,2.6,2.6,2.6,2.5,2.5,2.6,2.6,2.6,2.6,2.6,2.6,2.5,2.5,2.5,2.6,2.6,2.6,2.6,2.6,2.6,2.6,2.6,16.0,11.8,9.6,8.3,6.7,6.1,5.2,4.8,4.6,4.2,4.1,4.0,3.9,3.7,3.6,3.4,3.2,3.0,2.8,2.6,2.4,2.3,2.3,2.2,2.2,2.2,2.2,2.3,2.3,2.4,2.4,2.3,2.2,2.0,1.9,1.8,1.8,1.8,2.0,2.1,2.3,2.5,2.6,2.6,2.6,2.6,2.6,2.6,2.6,4.199999999999999,3.391666666666666,2.883333333333333,2.8083333333333336,2.6250000000000004,2.5750000000000006,6.741666666666666,3.4083333333333328,2.275,2.166666666666667,2.6,"[4.5, 4.4, 4.3, 4.3, 4.2, 4.1, 4.1, 4.0, 3.9]","[3.8, 3.8, 3.7, 3.6, 3.5, 3.4, 3.3, 3.3, 3.2, 3.1, 3.0, 3.0]","[2.9, 2.9, 2.8, 2.8, 2.9, 2.9, 2.9, 2.9, 2.9, 2.9, 2.9, 2.9]","[2.9, 2.9, 2.8, 2.8, 2.8, 2.7, 2.8, 2.8, 2.8, 2.8, 2.8, 2.8]","[2.7, 2.7, 2.7, 2.7, 2.7, 2.6, 2.6, 2.6, 2.5, 2.5, 2.6, 2.6]","[2.6, 2.6, 2.6, 2.6, 2.5, 2.5, 2.5, 2.6, 2.6, 2.6, 2.6, 2.6]","[4.2, 4.1, 4.0, 3.9, 3.7, 3.6, 3.4, 3.2, 3.0, 2.8, 2.6, 2.4]","[2.3, 2.3, 2.2, 2.2, 2.2, 2.2, 2.3, 2.3, 2.4, 2.4, 2.3, 2.2]","[2.0, 1.9, 1.8, 1.8, 1.8, 2.0, 2.1, 2.3, 2.5, 2.6, 2.6, 2.6]","[2.6, 2.6, 2.6, 2.6]"
NEW JERSEY,6.8,6.7,6.7,6.6,6.6,6.6,6.5,6.5,6.4,6.3,6.3,6.2,6.1,6.0,5.8,5.6,5.5,5.3,5.2,5.1,5.0,5.0,5.0,5.0,5.0,5.0,5.0,5.0,5.0,4.9,4.9,4.8,4.7,4.6,4.5,4.5,4.4,4.5,4.5,4.5,4.6,4.6,4.6,4.6,4.5,4.4,4.4,4.3,4.2,4.1,4.0,4.0,3.9,3.8,3.7,3.7,3.6,3.5,3.4,3.3,3.2,3.2,3.2,3.3,3.4,3.6,3.7,3.8,3.9,4.0,4.1,4.1,15.0,15.4,14.5,14.4,13.3,7.4,7.1,7.2,7.2,7.3,7.3,7.2,7.2,7.0,7.2,6.9,6.8,6.3,6.0,5.7,5.6,5.2,4.7,4.3,4.1,3.8,3.6,3.3,3.1,3.3,3.5,3.7,3.8,3.9,4.0,4.0,4.1,4.2,4.4,4.5,4.7,4.8,4.8,4.8,4.8,4.8,4.8,4.8,4.7,6.6,5.7,4.941666666666666,4.533333333333334,4.008333333333334,3.4583333333333326,9.475000000000001,6.708333333333332,3.8666666666666667,4.416666666666666,4.7749999999999995,"[6.8, 6.7, 6.7, 6.6, 6.6, 6.6, 6.5, 6.5, 6.4]","[6.3, 6.3, 6.2, 6.1, 6.0, 5.8, 5.6, 5.5, 5.3, 5.2, 5.1, 5.0]","[5.0, 5.0, 5.0, 5.0, 5.0, 5.0, 5.0, 5.0, 4.9, 4.9, 4.8, 4.7]","[4.6, 4.5, 4.5, 4.4, 4.5, 4.5, 4.5, 4.6, 4.6, 4.6, 4.6, 4.5]","[4.4, 4.4, 4.3, 4.2, 4.1, 4.0, 4.0, 3.9, 3.8, 3.7, 3.7, 3.6]","[3.5, 3.4, 3.3, 3.2, 3.2, 3.2, 3.3, 3.4, 3.6, 3.7, 3.8, 3.9]","[7.3, 7.3, 7.2, 7.2, 7.0, 7.2, 6.9, 6.8, 6.3, 6.0, 5.7, 5.6]","[5.2, 4.7, 4.3, 4.1, 3.8, 3.6, 3.3, 3.1, 3.3, 3.5, 3.7, 3.8]","[3.9, 4.0, 4.0, 4.1, 4.2, 4.4, 4.5, 4.7, 4.8, 4.8, 4.8, 4.8]","[4.8, 4.8, 4.8, 4.7]"
NEW MEXICO,6.7,6.7,6.6,6.6,6.6,6.5,6.4,6.4,6.4,6.5,6.6,6.7,6.7,6.7,6.7,6.6,6.6,6.6,6.5,6.5,6.5,6.5,6.5,6.6,6.6,6.7,6.8,6.9,6.9,6.9,6.9,6.9,6.8,6.7,6.6,6.5,6.4,6.2,6.1,6.0,5.8,5.7,5.6,5.5,5.4,5.2,5.1,4.9,4.8,4.7,4.7,4.7,4.8,4.9,5.0,5.1,5.2,5.1,5.1,5.0,5.0,4.9,4.9,4.9,4.9,4.9,4.9,4.9,5.0,5.1,5.3,5.9,9.0,9.3,9.0,9.0,8.6,8.7,8.4,8.4,8.4,8.2,8.2,8.0,7.9,7.5,7.4,7.1,6.8,6.3,6.0,5.8,5.6,5.4,5.0,4.6,4.4,4.1,3.9,3.6,3.4,3.5,3.6,3.6,3.6,3.6,3.6,3.6,3.6,3.6,3.6,3.7,3.8,3.9,4.0,4.0,4.0,4.0,3.9,3.8,3.8,6.544444444444444,6.600000000000001,6.75,6.041666666666668,4.925,4.958333333333333,7.925000000000002,7.0666666666666655,4.058333333333334,3.75,3.875,"[6.7, 6.7, 6.6, 6.6, 6.6, 6.5, 6.4, 6.4, 6.4]","[6.5, 6.6, 6.7, 6.7, 6.7, 6.7, 6.6, 6.6, 6.6, 6.5, 6.5, 6.5]","[6.5, 6.5, 6.6, 6.6, 6.7, 6.8, 6.9, 6.9, 6.9, 6.9, 6.9, 6.8]","[6.7, 6.6, 6.5, 6.4, 6.2, 6.1, 6.0, 5.8, 5.7, 5.6, 5.5, 5.4]","[5.2, 5.1, 4.9, 4.8, 4.7, 4.7, 4.7, 4.8, 4.9, 5.0, 5.1, 5.2]","[5.1, 5.1, 5.0, 5.0, 4.9, 4.9, 4.9, 4.9, 4.9, 4.9, 4.9, 5.0]","[8.2, 8.2, 8.0, 7.9, 7.5, 7.4, 7.1, 6.8, 6.3, 6.0, 5.8, 5.6]","[5.4, 5.0, 4.6, 4.4, 4.1, 3.9, 3.6, 3.4, 3.5, 3.6, 3.6, 3.6]","[3.6, 3.6, 3.6, 3.6, 3.6, 3.6, 3.7, 3.8, 3.9, 4.0, 4.0, 4.0]","[4.0, 3.9, 3.8, 3.8]"
NEW YORK,6.5,6.4,6.3,6.2,6.1,6.0,5.9,5.8,5.8,5.7,5.6,5.6,5.5,5.4,5.3,5.2,5.0,4.9,4.9,4.9,4.8,4.8,4.8,4.8,4.8,4.8,4.9,4.9,5.0,5.0,5.0,4.9,4.8,4.7,4.6,4.6,4.6,4.6,4.6,4.7,4.7,4.7,4.7,4.6,4.5,4.5,4.4,4.3,4.2,4.1,4.0,3.9,3.9,3.9,4.0,4.0,4.0,4.0,3.9,3.9,3.8,3.7,3.7,3.8,3.8,3.9,3.9,3.9,4.0,4.1,4.1,4.2,15.6,16.7,13.6,12.5,10.8,10.2,9.2,9.0,8.7,8.6,8.4,8.1,7.9,7.5,7.5,7.0,6.8,6.3,5.9,5.6,5.5,5.2,4.8,4.6,4.4,4.3,4.2,4.0,3.9,4.0,4.1,4.2,4.2,4.1,4.0,4.0,3.9,3.9,4.0,4.1,4.3,4.4,4.6,4.6,4.6,4.5,4.4,4.3,4.2,6.111111111111111,5.2333333333333325,4.874999999999999,4.633333333333335,4.1,3.858333333333333,9.891666666666667,7.091666666666666,4.325,4.208333333333333,4.35,"[6.5, 6.4, 6.3, 6.2, 6.1, 6.0, 5.9, 5.8, 5.8]","[5.7, 5.6, 5.6, 5.5, 5.4, 5.3, 5.2, 5.0, 4.9, 4.9, 4.9, 4.8]","[4.8, 4.8, 4.8, 4.8, 4.8, 4.9, 4.9, 5.0, 5.0, 5.0, 4.9, 4.8]","[4.7, 4.6, 4.6, 4.6, 4.6, 4.6, 4.7, 4.7, 4.7, 4.7, 4.6, 4.5]","[4.5, 4.4, 4.3, 4.2, 4.1, 4.0, 3.9, 3.9, 3.9, 4.0, 4.0, 4.0]","[4.0, 3.9, 3.9, 3.8, 3.7, 3.7, 3.8, 3.8, 3.9, 3.9, 3.9, 4.0]","[8.6, 8.4, 8.1, 7.9, 7.5, 7.5, 7.0, 6.8, 6.3, 5.9, 5.6, 5.5]","[5.2, 4.8, 4.6, 4.4, 4.3, 4.2, 4.0, 3.9, 4.0, 4.1, 4.2, 4.2]","[4.1, 4.0, 4.0, 3.9, 3.9, 4.0, 4.1, 4.3, 4.4, 4.6, 4.6, 4.6]","[4.5, 4.4, 4.3, 4.2]"
NORTH CAROLINA,6.3,6.2,6.2,6.1,6.1,6.0,5.9,5.8,5.7,5.7,5.7,5.8,5.8,5.8,5.8,5.7,5.7,5.6,5.5,5.4,5.4,5.3,5.2,5.2,5.1,5.1,5.0,5.0,5.1,5.1,5.1,5.0,5.0,4.9,4.7,4.6,4.5,4.5,4.5,4.5,4.5,4.5,4.4,4.4,4.3,4.2,4.1,4.0,4.0,3.9,3.9,3.9,3.9,4.0,4.0,4.0,4.0,4.0,4.0,3.9,3.9,3.8,3.9,3.9,3.9,3.9,3.8,3.8,3.8,3.8,3.8,4.0,14.2,11.6,9.7,8.7,7.3,6.7,6.0,5.8,5.8,5.6,5.5,5.4,5.3,5.2,5.1,4.9,4.8,4.5,4.3,4.1,3.9,3.7,3.6,3.5,3.5,3.6,3.6,3.7,3.8,3.9,3.8,3.8,3.7,3.5,3.4,3.3,3.3,3.3,3.4,3.4,3.5,3.6,3.6,3.6,3.6,3.5,3.5,3.5,3.5,6.033333333333333,5.658333333333334,5.1000000000000005,4.5249999999999995,3.991666666666666,3.8833333333333324,7.283333333333332,4.883333333333333,3.6833333333333336,3.4583333333333335,3.5,"[6.3, 6.2, 6.2, 6.1, 6.1, 6.0, 5.9, 5.8, 5.7]","[5.7, 5.7, 5.8, 5.8, 5.8, 5.8, 5.7, 5.7, 5.6, 5.5, 5.4, 5.4]","[5.3, 5.2, 5.2, 5.1, 5.1, 5.0, 5.0, 5.1, 5.1, 5.1, 5.0, 5.0]","[4.9, 4.7, 4.6, 4.5, 4.5, 4.5, 4.5, 4.5, 4.5, 4.4, 4.4, 4.3]","[4.2, 4.1, 4.0, 4.0, 3.9, 3.9, 3.9, 3.9, 4.0, 4.0, 4.0, 4.0]","[4.0, 4.0, 3.9, 3.9, 3.8, 3.9, 3.9, 3.9, 3.9, 3.8, 3.8, 3.8]","[5.6, 5.5, 5.4, 5.3, 5.2, 5.1, 4.9, 4.8, 4.5, 4.3, 4.1, 3.9]","[3.7, 3.6, 3.5, 3.5, 3.6, 3.6, 3.7, 3.8, 3.9, 3.8, 3.8, 3.7]","[3.5, 3.4, 3.3, 3.3, 3.3, 3.4, 3.4, 3.5, 3.6, 3.6, 3.6, 3.6]","[3.5, 3.5, 3.5, 3.5]"
NORTH DAKOTA,2.6,2.6,2.6,2.6,2.6,2.6,2.6,2.6,2.6,2.6,2.6,2.7,2.8,2.8,2.8,2.8,2.8,2.8,2.8,2.9,3.0,3.1,3.2,3.2,3.2,3.2,3.2,3.1,3.1,3.0,3.0,3.0,2.9,2.9,2.8,2.7,2.6,2.5,2.5,2.5,2.5,2.5,2.6,2.6,2.6,2.6,2.6,2.6,2.5,2.4,2.3,2.3,2.3,2.3,2.3,2.3,2.4,2.3,2.3,2.3,2.2,2.1,2.1,2.1,2.1,2.1,2.1,2.0,2.0,2.0,2.2,2.4,8.7,7.3,6.4,6.1,5.5,5.2,4.8,4.5,4.3,4.0,3.8,3.6,3.4,3.2,3.0,2.8,2.7,2.5,2.4,2.3,2.3,2.2,2.1,2.0,2.0,1.9,1.9,1.9,2.0,2.0,2.0,2.0,2.0,2.0,2.0,1.9,1.9,1.8,1.8,1.8,1.8,1.9,1.9,1.9,1.9,1.9,2.0,2.0,2.0,2.6,2.7833333333333337,3.0999999999999996,2.608333333333334,2.4083333333333337,2.141666666666667,4.949999999999999,2.9999999999999996,2.0,1.883333333333333,1.975,"[2.6, 2.6, 2.6, 2.6, 2.6, 2.6, 2.6, 2.6, 2.6]","[2.6, 2.6, 2.7, 2.8, 2.8, 2.8, 2.8, 2.8, 2.8, 2.8, 2.9, 3.0]","[3.1, 3.2, 3.2, 3.2, 3.2, 3.2, 3.1, 3.1, 3.0, 3.0, 3.0, 2.9]","[2.9, 2.8, 2.7, 2.6, 2.5, 2.5, 2.5, 2.5, 2.5, 2.6, 2.6, 2.6]","[2.6, 2.6, 2.6, 2.5, 2.4, 2.3, 2.3, 2.3, 2.3, 2.3, 2.3, 2.4]","[2.3, 2.3, 2.3, 2.2, 2.1, 2.1, 2.1, 2.1, 2.1, 2.1, 2.0, 2.0]","[4.0, 3.8, 3.6, 3.4, 3.2, 3.0, 2.8, 2.7, 2.5, 2.4, 2.3, 2.3]","[2.2, 2.1, 2.0, 2.0, 1.9, 1.9, 1.9, 2.0, 2.0, 2.0, 2.0, 2.0]","[2.0, 2.0, 1.9, 1.9, 1.8, 1.8, 1.8, 1.8, 1.9, 1.9, 1.9, 1.9]","[1.9, 2.0, 2.0, 2.0]"
OHIO,6.0,5.9,5.8,5.7,5.6,5.5,5.4,5.3,5.2,5.2,5.2,5.2,5.1,5.0,4.9,4.8,4.8,4.7,4.8,4.8,4.9,5.0,5.0,5.0,5.0,5.0,5.0,5.0,5.0,5.1,5.2,5.3,5.3,5.3,5.2,5.1,5.1,5.0,5.0,5.0,4.9,4.9,4.8,4.7,4.6,4.6,4.6,4.6,4.5,4.5,4.5,4.4,4.4,4.4,4.5,4.5,4.5,4.4,4.2,4.1,4.0,4.0,4.0,4.1,4.2,4.2,4.3,4.3,4.3,4.4,4.6,4.8,16.5,12.8,10.9,9.8,8.3,7.6,6.8,6.4,6.3,6.0,5.9,5.8,5.7,5.5,5.3,5.1,4.9,4.7,4.5,4.3,4.2,4.1,4.0,3.9,3.9,3.9,3.9,4.0,4.1,4.1,4.1,4.0,3.9,3.8,3.7,3.5,3.4,3.3,3.3,3.4,3.5,3.6,3.6,3.6,3.6,3.7,3.7,3.8,4.0,5.6,4.949999999999999,5.075,4.966666666666667,4.499999999999999,4.175,8.266666666666667,5.158333333333333,3.9916666666666667,3.5250000000000004,3.8,"[6.0, 5.9, 5.8, 5.7, 5.6, 5.5, 5.4, 5.3, 5.2]","[5.2, 5.2, 5.2, 5.1, 5.0, 4.9, 4.8, 4.8, 4.7, 4.8, 4.8, 4.9]","[5.0, 5.0, 5.0, 5.0, 5.0, 5.0, 5.0, 5.0, 5.1, 5.2, 5.3, 5.3]","[5.3, 5.2, 5.1, 5.1, 5.0, 5.0, 5.0, 4.9, 4.9, 4.8, 4.7, 4.6]","[4.6, 4.6, 4.6, 4.5, 4.5, 4.5, 4.4, 4.4, 4.4, 4.5, 4.5, 4.5]","[4.4, 4.2, 4.1, 4.0, 4.0, 4.0, 4.1, 4.2, 4.2, 4.3, 4.3, 4.3]","[6.0, 5.9, 5.8, 5.7, 5.5, 5.3, 5.1, 4.9, 4.7, 4.5, 4.3, 4.2]","[4.1, 4.0, 3.9, 3.9, 3.9, 3.9, 4.0, 4.1, 4.1, 4.1, 4.0, 3.9]","[3.8, 3.7, 3.5, 3.4, 3.3, 3.3, 3.4, 3.5, 3.6, 3.6, 3.6, 3.6]","[3.7, 3.7, 3.8, 4.0]"
OKLAHOMA,4.5,4.4,4.3,4.2,4.2,4.1,4.1,4.0,4.0,4.0,4.1,4.2,4.3,4.4,4.4,4.4,4.3,4.3,4.3,4.4,4.4,4.5,4.5,4.6,4.7,4.7,4.8,4.8,4.8,4.7,4.7,4.6,4.5,4.4,4.3,4.2,4.1,4.0,4.0,4.0,4.0,3.9,3.9,3.8,3.8,3.7,3.6,3.5,3.4,3.3,3.2,3.1,3.1,3.1,3.1,3.2,3.2,3.2,3.2,3.1,3.1,3.0,3.0,3.1,3.2,3.2,3.2,3.1,3.1,3.1,3.2,3.2,12.5,9.8,8.2,7.4,6.3,6.0,5.5,5.3,5.2,5.0,4.9,4.8,4.7,4.5,4.3,4.0,3.7,3.4,3.2,3.0,2.9,2.9,2.9,2.9,2.9,2.9,3.0,3.1,3.2,3.2,3.2,3.2,3.1,3.1,3.0,3.0,2.9,3.0,3.1,3.2,3.3,3.5,3.5,3.5,3.5,3.5,3.6,3.5,3.5,4.199999999999999,4.291666666666665,4.658333333333334,4.033333333333332,3.2916666666666674,3.125,6.308333333333334,4.033333333333334,3.0416666666666665,3.216666666666667,3.525,"[4.5, 4.4, 4.3, 4.2, 4.2, 4.1, 4.1, 4.0, 4.0]","[4.0, 4.1, 4.2, 4.3, 4.4, 4.4, 4.4, 4.3, 4.3, 4.3, 4.4, 4.4]","[4.5, 4.5, 4.6, 4.7, 4.7, 4.8, 4.8, 4.8, 4.7, 4.7, 4.6, 4.5]","[4.4, 4.3, 4.2, 4.1, 4.0, 4.0, 4.0, 4.0, 3.9, 3.9, 3.8, 3.8]","[3.7, 3.6, 3.5, 3.4, 3.3, 3.2, 3.1, 3.1, 3.1, 3.1, 3.2, 3.2]","[3.2, 3.2, 3.1, 3.1, 3.0, 3.0, 3.1, 3.2, 3.2, 3.2, 3.1, 3.1]","[5.0, 4.9, 4.8, 4.7, 4.5, 4.3, 4.0, 3.7, 3.4, 3.2, 3.0, 2.9]","[2.9, 2.9, 2.9, 2.9, 2.9, 3.0, 3.1, 3.2, 3.2, 3.2, 3.2, 3.1]","[3.1, 3.0, 3.0, 2.9, 3.0, 3.1, 3.2, 3.3, 3.5, 3.5, 3.5, 3.5]","[3.5, 3.6, 3.5, 3.5]"
OREGON,6.9,6.8,6.7,6.6,6.5,6.4,6.3,6.2,6.0,5.8,5.8,5.7,5.7,5.6,5.5,5.5,5.4,5.3,5.2,5.1,5.0,4.9,4.9,4.9,4.9,4.9,4.9,4.9,4.8,4.7,4.5,4.4,4.3,4.1,4.0,3.9,3.9,4.0,4.0,4.1,4.1,4.2,4.2,4.1,4.1,4.1,4.0,4.0,3.9,3.9,3.8,3.9,4.0,4.1,4.2,4.3,4.3,4.2,4.1,4.0,3.9,3.8,3.7,3.7,3.6,3.5,3.4,3.4,3.4,3.5,3.6,3.7,13.7,11.8,10.2,9.2,8.0,7.5,6.8,6.6,6.6,6.4,6.2,6.1,5.9,5.6,5.4,5.0,4.7,4.4,4.2,4.0,3.9,3.9,3.7,3.7,3.7,3.7,3.8,3.9,4.0,4.2,4.2,4.2,4.0,3.8,3.6,3.5,3.4,3.4,3.5,3.6,3.8,3.9,4.0,4.0,4.0,4.1,4.2,4.2,4.2,6.488888888888889,5.466666666666666,4.749999999999999,4.0583333333333345,4.041666666666666,3.7249999999999996,7.599999999999999,5.15,3.9166666666666674,3.7083333333333335,4.175,"[6.9, 6.8, 6.7, 6.6, 6.5, 6.4, 6.3, 6.2, 6.0]","[5.8, 5.8, 5.7, 5.7, 5.6, 5.5, 5.5, 5.4, 5.3, 5.2, 5.1, 5.0]","[4.9, 4.9, 4.9, 4.9, 4.9, 4.9, 4.9, 4.8, 4.7, 4.5, 4.4, 4.3]","[4.1, 4.0, 3.9, 3.9, 4.0, 4.0, 4.1, 4.1, 4.2, 4.2, 4.1, 4.1]","[4.1, 4.0, 4.0, 3.9, 3.9, 3.8, 3.9, 4.0, 4.1, 4.2, 4.3, 4.3]","[4.2, 4.1, 4.0, 3.9, 3.8, 3.7, 3.7, 3.6, 3.5, 3.4, 3.4, 3.4]","[6.4, 6.2, 6.1, 5.9, 5.6, 5.4, 5.0, 4.7, 4.4, 4.2, 4.0, 3.9]","[3.9, 3.7, 3.7, 3.7, 3.7, 3.8, 3.9, 4.0, 4.2, 4.2, 4.2, 4.0]","[3.8, 3.6, 3.5, 3.4, 3.4, 3.5, 3.6, 3.8, 3.9, 4.0, 4.0, 4.0]","[4.1, 4.2, 4.2, 4.2]"
PENNSYLVANIA,6.2,6.1,6.0,5.8,5.7,5.6,5.6,5.5,5.5,5.5,5.5,5.5,5.5,5.5,5.4,5.4,5.3,5.3,5.3,5.2,5.3,5.3,5.3,5.3,5.4,5.4,5.4,5.4,5.4,5.4,5.3,5.3,5.2,5.2,5.1,5.1,5.0,5.0,4.9,4.9,4.9,4.9,4.9,4.9,4.9,4.8,4.7,4.6,4.5,4.4,4.3,4.3,4.3,4.2,4.3,4.3,4.3,4.3,4.3,4.3,4.3,4.2,4.2,4.2,4.3,4.3,4.4,4.4,4.4,4.5,4.7,4.9,16.1,12.9,11.3,10.4,9.3,8.8,8.1,7.9,7.6,7.4,7.1,6.8,6.6,6.3,6.1,5.9,5.6,5.2,4.9,4.7,4.5,4.3,4.2,4.2,4.1,4.1,4.1,4.0,4.0,4.0,3.9,3.9,3.8,3.8,3.7,3.5,3.4,3.3,3.2,3.2,3.3,3.3,3.4,3.4,3.4,3.4,3.4,3.4,3.4,5.777777777777778,5.391666666666666,5.341666666666665,4.974999999999999,4.416666666666666,4.299999999999999,8.875,5.925,4.05,3.408333333333333,3.4,"[6.2, 6.1, 6.0, 5.8, 5.7, 5.6, 5.6, 5.5, 5.5]","[5.5, 5.5, 5.5, 5.5, 5.5, 5.4, 5.4, 5.3, 5.3, 5.3, 5.2, 5.3]","[5.3, 5.3, 5.3, 5.4, 5.4, 5.4, 5.4, 5.4, 5.4, 5.3, 5.3, 5.2]","[5.2, 5.1, 5.1, 5.0, 5.0, 4.9, 4.9, 4.9, 4.9, 4.9, 4.9, 4.9]","[4.8, 4.7, 4.6, 4.5, 4.4, 4.3, 4.3, 4.3, 4.2, 4.3, 4.3, 4.3]","[4.3, 4.3, 4.3, 4.3, 4.2, 4.2, 4.2, 4.3, 4.3, 4.4, 4.4, 4.4]","[7.4, 7.1, 6.8, 6.6, 6.3, 6.1, 5.9, 5.6, 5.2, 4.9, 4.7, 4.5]","[4.3, 4.2, 4.2, 4.1, 4.1, 4.1, 4.0, 4.0, 4.0, 3.9, 3.9, 3.8]","[3.8, 3.7, 3.5, 3.4, 3.3, 3.2, 3.2, 3.3, 3.3, 3.4, 3.4, 3.4]","[3.4, 3.4, 3.4, 3.4]"
RHODE ISLAND,8.3,8.0,7.8,7.6,7.4,7.3,7.1,6.9,6.7,6.6,6.5,6.4,6.3,6.2,6.0,5.9,5.8,5.7,5.7,5.6,5.6,5.6,5.5,5.4,5.4,5.4,5.3,5.3,5.2,5.1,5.0,4.9,4.8,4.6,4.5,4.5,4.4,4.4,4.4,4.5,4.5,4.6,4.6,4.6,4.5,4.5,4.4,4.2,4.1,4.0,3.9,3.9,3.9,3.9,3.9,3.9,3.8,3.8,3.7,3.6,3.5,3.5,3.5,3.5,3.5,3.5,3.4,3.4,3.5,3.6,3.7,3.7,17.9,15.4,13.3,12.2,10.3,9.9,7.0,7.0,6.9,6.6,6.4,6.2,6.2,6.0,6.0,5.8,5.5,5.1,4.6,4.1,3.7,3.5,3.3,3.1,3.0,3.0,3.1,3.2,3.3,3.2,3.2,3.1,3.0,2.9,2.8,2.7,2.7,2.6,2.6,2.7,2.9,3.2,3.4,3.4,3.4,3.6,3.9,4.1,4.1,7.455555555555555,6.0249999999999995,5.241666666666666,4.508333333333334,4.033333333333332,3.533333333333333,9.241666666666667,5.516666666666667,3.1666666666666665,2.941666666666666,3.925,"[8.3, 8.0, 7.8, 7.6, 7.4, 7.3, 7.1, 6.9, 6.7]","[6.6, 6.5, 6.4, 6.3, 6.2, 6.0, 5.9, 5.8, 5.7, 5.7, 5.6, 5.6]","[5.6, 5.5, 5.4, 5.4, 5.4, 5.3, 5.3, 5.2, 5.1, 5.0, 4.9, 4.8]","[4.6, 4.5, 4.5, 4.4, 4.4, 4.4, 4.5, 4.5, 4.6, 4.6, 4.6, 4.5]","[4.5, 4.4, 4.2, 4.1, 4.0, 3.9, 3.9, 3.9, 3.9, 3.9, 3.9, 3.8]","[3.8, 3.7, 3.6, 3.5, 3.5, 3.5, 3.5, 3.5, 3.5, 3.4, 3.4, 3.5]","[6.6, 6.4, 6.2, 6.2, 6.0, 6.0, 5.8, 5.5, 5.1, 4.6, 4.1, 3.7]","[3.5, 3.3, 3.1, 3.0, 3.0, 3.1, 3.2, 3.3, 3.2, 3.2, 3.1, 3.0]","[2.9, 2.8, 2.7, 2.7, 2.6, 2.6, 2.7, 2.9, 3.2, 3.4, 3.4, 3.4]","[3.6, 3.9, 4.1, 4.1]"
SOUTH CAROLINA,6.0,6.1,6.2,6.3,6.5,6.5,6.6,6.5,6.5,6.4,6.4,6.3,6.2,6.1,6.0,5.8,5.7,5.6,5.5,5.4,5.4,5.3,5.3,5.2,5.1,5.1,5.0,4.9,4.8,4.7,4.6,4.5,4.5,4.4,4.3,4.2,4.2,4.1,4.1,4.2,4.2,4.2,4.2,4.2,4.1,3.9,3.7,3.5,3.3,3.2,3.2,3.3,3.3,3.3,3.3,3.3,3.2,3.2,3.2,3.1,3.1,2.9,2.7,2.6,2.5,2.4,2.4,2.5,2.6,2.8,2.9,3.1,11.8,9.2,7.8,7.0,6.1,5.8,5.3,5.0,4.8,4.6,4.4,4.3,4.2,4.1,4.1,3.9,3.8,3.7,3.5,3.4,3.3,3.3,3.2,3.2,3.2,3.2,3.2,3.2,3.2,3.3,3.2,3.2,3.1,3.1,3.0,3.0,2.9,2.9,2.8,2.8,2.9,3.0,3.0,3.0,3.0,3.0,3.1,3.1,3.2,6.355555555555556,5.900000000000001,4.916666666666667,4.2,3.375,2.766666666666666,5.966666666666666,3.9416666666666664,3.2083333333333335,2.9499999999999997,3.0999999999999996,"[6.0, 6.1, 6.2, 6.3, 6.5, 6.5, 6.6, 6.5, 6.5]","[6.4, 6.4, 6.3, 6.2, 6.1, 6.0, 5.8, 5.7, 5.6, 5.5, 5.4, 5.4]","[5.3, 5.3, 5.2, 5.1, 5.1, 5.0, 4.9, 4.8, 4.7, 4.6, 4.5, 4.5]","[4.4, 4.3, 4.2, 4.2, 4.1, 4.1, 4.2, 4.2, 4.2, 4.2, 4.2, 4.1]","[3.9, 3.7, 3.5, 3.3, 3.2, 3.2, 3.3, 3.3, 3.3, 3.3, 3.3, 3.2]","[3.2, 3.2, 3.1, 3.1, 2.9, 2.7, 2.6, 2.5, 2.4, 2.4, 2.5, 2.6]","[4.6, 4.4, 4.3, 4.2, 4.1, 4.1, 3.9, 3.8, 3.7, 3.5, 3.4, 3.3]","[3.3, 3.2, 3.2, 3.2, 3.2, 3.2, 3.2, 3.2, 3.3, 3.2, 3.2, 3.1]","[3.1, 3.0, 3.0, 2.9, 2.9, 2.8, 2.8, 2.9, 3.0, 3.0, 3.0, 3.0]","[3.0, 3.1, 3.1, 3.2]"
SOUTH DAKOTA,3.4,3.4,3.3,3.3,3.3,3.3,3.3,3.2,3.2,3.2,3.2,3.2,3.1,3.1,3.1,3.1,3.0,3.0,2.9,2.9,2.8,2.8,2.8,2.8,2.9,2.9,3.0,3.1,3.1,3.2,3.2,3.2,3.2,3.1,3.1,3.1,3.0,3.0,3.0,3.1,3.1,3.1,3.0,3.0,3.0,3.0,2.9,2.9,2.8,2.8,2.8,2.7,2.7,2.7,2.7,2.7,2.8,2.8,2.8,2.8,2.8,2.8,2.8,2.8,2.8,2.8,2.7,2.7,2.6,2.6,2.5,2.4,8.8,6.6,5.3,4.7,4.0,3.7,3.3,3.2,3.1,2.9,2.9,2.8,2.8,2.8,2.8,2.7,2.6,2.5,2.3,2.2,2.1,2.0,1.9,1.9,1.9,1.9,2.0,2.0,2.1,2.1,2.1,2.0,2.0,2.0,1.9,1.9,1.9,1.9,2.0,2.0,2.0,2.1,2.1,2.1,2.1,2.1,2.1,2.1,2.0,3.3,3.0500000000000003,3.016666666666667,3.0500000000000007,2.7916666666666665,2.766666666666667,4.183333333333334,2.6166666666666667,1.991666666666667,2.0000000000000004,2.075,"[3.4, 3.4, 3.3, 3.3, 3.3, 3.3, 3.3, 3.2, 3.2]","[3.2, 3.2, 3.2, 3.1, 3.1, 3.1, 3.1, 3.0, 3.0, 2.9, 2.9, 2.8]","[2.8, 2.8, 2.8, 2.9, 2.9, 3.0, 3.1, 3.1, 3.2, 3.2, 3.2, 3.2]","[3.1, 3.1, 3.1, 3.0, 3.0, 3.0, 3.1, 3.1, 3.1, 3.0, 3.0, 3.0]","[3.0, 2.9, 2.9, 2.8, 2.8, 2.8, 2.7, 2.7, 2.7, 2.7, 2.7, 2.8]","[2.8, 2.8, 2.8, 2.8, 2.8, 2.8, 2.8, 2.8, 2.8, 2.7, 2.7, 2.6]","[2.9, 2.9, 2.8, 2.8, 2.8, 2.8, 2.7, 2.6, 2.5, 2.3, 2.2, 2.1]","[2.0, 1.9, 1.9, 1.9, 1.9, 2.0, 2.0, 2.1, 2.1, 2.1, 2.0, 2.0]","[2.0, 1.9, 1.9, 1.9, 1.9, 2.0, 2.0, 2.0, 2.1, 2.1, 2.1, 2.1]","[2.1, 2.1, 2.1, 2.0]"
TENNESSEE,6.7,6.7,6.7,6.6,6.6,6.5,6.4,6.3,6.2,6.1,6.1,6.0,5.9,5.8,5.7,5.5,5.4,5.3,5.1,5.0,4.9,4.8,4.7,4.7,4.6,4.7,4.7,4.8,4.8,4.9,4.9,4.8,4.7,4.6,4.4,4.2,3.9,3.7,3.6,3.5,3.4,3.4,3.4,3.4,3.5,3.5,3.5,3.5,3.5,3.5,3.5,3.5,3.5,3.5,3.5,3.5,3.5,3.5,3.4,3.4,3.4,3.3,3.2,3.2,3.2,3.3,3.3,3.4,3.4,3.5,3.5,3.5,15.8,12.1,10.2,9.0,7.6,7.1,6.3,5.9,5.6,5.4,5.2,5.1,5.0,4.8,4.7,4.4,4.2,3.9,3.8,3.6,3.5,3.4,3.4,3.3,3.3,3.3,3.3,3.3,3.4,3.4,3.5,3.5,3.5,3.4,3.3,3.2,3.1,3.1,3.1,3.2,3.3,3.4,3.5,3.5,3.4,3.5,3.3,3.2,3.1,6.522222222222222,5.566666666666666,4.758333333333332,3.7499999999999996,3.5,3.3333333333333326,7.508333333333333,4.466666666666667,3.383333333333333,3.291666666666666,3.275,"[6.7, 6.7, 6.7, 6.6, 6.6, 6.5, 6.4, 6.3, 6.2]","[6.1, 6.1, 6.0, 5.9, 5.8, 5.7, 5.5, 5.4, 5.3, 5.1, 5.0, 4.9]","[4.8, 4.7, 4.7, 4.6, 4.7, 4.7, 4.8, 4.8, 4.9, 4.9, 4.8, 4.7]","[4.6, 4.4, 4.2, 3.9, 3.7, 3.6, 3.5, 3.4, 3.4, 3.4, 3.4, 3.5]","[3.5, 3.5, 3.5, 3.5, 3.5, 3.5, 3.5, 3.5, 3.5, 3.5, 3.5, 3.5]","[3.5, 3.4, 3.4, 3.4, 3.3, 3.2, 3.2, 3.2, 3.3, 3.3, 3.4, 3.4]","[5.4, 5.2, 5.1, 5.0, 4.8, 4.7, 4.4, 4.2, 3.9, 3.8, 3.6, 3.5]","[3.4, 3.4, 3.3, 3.3, 3.3, 3.3, 3.3, 3.4, 3.4, 3.5, 3.5, 3.5]","[3.4, 3.3, 3.2, 3.1, 3.1, 3.1, 3.2, 3.3, 3.4, 3.5, 3.5, 3.4]","[3.5, 3.3, 3.2, 3.1]"
TEXAS,5.4,5.3,5.2,5.2,5.1,5.0,4.9,4.8,4.6,4.6,4.5,4.5,4.5,4.4,4.4,4.4,4.5,4.5,4.5,4.5,4.5,4.5,4.4,4.5,4.5,4.6,4.7,4.7,4.7,4.8,4.8,4.8,4.8,4.8,4.7,4.6,4.5,4.4,4.3,4.2,4.2,4.1,4.1,4.1,4.1,4.1,4.0,4.0,4.0,3.9,3.9,3.9,3.8,3.8,3.8,3.8,3.8,3.7,3.7,3.6,3.5,3.4,3.4,3.5,3.5,3.5,3.5,3.5,3.5,3.5,3.6,5.0,12.8,11.6,10.1,9.3,8.1,7.7,7.1,7.0,6.9,6.7,6.6,6.4,6.2,6.0,5.8,5.6,5.3,5.1,4.9,4.6,4.5,4.3,4.1,3.9,3.8,3.8,3.8,3.8,3.8,3.9,4.0,4.0,4.1,4.1,4.0,4.0,4.0,4.0,3.9,3.9,3.9,3.9,3.9,3.9,3.9,3.9,3.9,3.9,4.0,5.0555555555555545,4.483333333333333,4.6499999999999995,4.341666666666668,3.899999999999999,3.525,7.724999999999999,5.641666666666667,3.941666666666667,3.9499999999999993,3.925,"[5.4, 5.3, 5.2, 5.2, 5.1, 5.0, 4.9, 4.8, 4.6]","[4.6, 4.5, 4.5, 4.5, 4.4, 4.4, 4.4, 4.5, 4.5, 4.5, 4.5, 4.5]","[4.5, 4.4, 4.5, 4.5, 4.6, 4.7, 4.7, 4.7, 4.8, 4.8, 4.8, 4.8]","[4.8, 4.7, 4.6, 4.5, 4.4, 4.3, 4.2, 4.2, 4.1, 4.1, 4.1, 4.1]","[4.1, 4.0, 4.0, 4.0, 3.9, 3.9, 3.9, 3.8, 3.8, 3.8, 3.8, 3.8]","[3.7, 3.7, 3.6, 3.5, 3.4, 3.4, 3.5, 3.5, 3.5, 3.5, 3.5, 3.5]","[6.7, 6.6, 6.4, 6.2, 6.0, 5.8, 5.6, 5.3, 5.1, 4.9, 4.6, 4.5]","[4.3, 4.1, 3.9, 3.8, 3.8, 3.8, 3.8, 3.8, 3.9, 4.0, 4.0, 4.1]","[4.1, 4.0, 4.0, 4.0, 4.0, 3.9, 3.9, 3.9, 3.9, 3.9, 3.9, 3.9]","[3.9, 3.9, 3.9, 4.0]"
UTAH,3.6,3.6,3.6,3.6,3.6,3.6,3.6,3.6,3.6,3.6,3.5,3.5,3.5,3.5,3.5,3.5,3.5,3.5,3.5,3.5,3.5,3.5,3.5,3.5,3.4,3.4,3.4,3.3,3.3,3.3,3.2,3.2,3.2,3.2,3.2,3.2,3.2,3.2,3.2,3.2,3.2,3.1,3.1,3.1,3.1,3.0,3.0,3.0,2.9,2.9,2.9,2.9,2.9,2.9,2.9,2.9,2.8,2.8,2.7,2.7,2.6,2.6,2.5,2.5,2.5,2.4,2.4,2.4,2.4,2.5,2.5,2.5,10.0,7.7,6.4,5.7,4.9,4.5,4.0,3.8,3.6,3.4,3.2,3.1,3.0,2.9,2.8,2.7,2.6,2.5,2.4,2.3,2.2,2.2,2.2,2.2,2.3,2.3,2.3,2.4,2.4,2.5,2.5,2.5,2.5,2.5,2.5,2.5,2.5,2.5,2.6,2.7,2.7,2.8,2.8,2.8,2.8,2.8,2.8,2.8,2.8,3.6000000000000005,3.5083333333333333,3.350000000000001,3.1666666666666665,2.916666666666666,2.541666666666666,4.841666666666667,2.7583333333333333,2.3583333333333334,2.641666666666667,2.8,"[3.6, 3.6, 3.6, 3.6, 3.6, 3.6, 3.6, 3.6, 3.6]","[3.6, 3.5, 3.5, 3.5, 3.5, 3.5, 3.5, 3.5, 3.5, 3.5, 3.5, 3.5]","[3.5, 3.5, 3.5, 3.4, 3.4, 3.4, 3.3, 3.3, 3.3, 3.2, 3.2, 3.2]","[3.2, 3.2, 3.2, 3.2, 3.2, 3.2, 3.2, 3.2, 3.1, 3.1, 3.1, 3.1]","[3.0, 3.0, 3.0, 2.9, 2.9, 2.9, 2.9, 2.9, 2.9, 2.9, 2.9, 2.8]","[2.8, 2.7, 2.7, 2.6, 2.6, 2.5, 2.5, 2.5, 2.4, 2.4, 2.4, 2.4]","[3.4, 3.2, 3.1, 3.0, 2.9, 2.8, 2.7, 2.6, 2.5, 2.4, 2.3, 2.2]","[2.2, 2.2, 2.2, 2.3, 2.3, 2.3, 2.4, 2.4, 2.5, 2.5, 2.5, 2.5]","[2.5, 2.5, 2.5, 2.5, 2.5, 2.6, 2.7, 2.7, 2.8, 2.8, 2.8, 2.8]","[2.8, 2.8, 2.8, 2.8]"
VERMONT,4.0,4.0,4.0,4.0,4.0,4.0,4.0,3.9,3.9,3.8,3.7,3.7,3.6,3.6,3.5,3.5,3.5,3.4,3.4,3.4,3.3,3.2,3.2,3.2,3.1,3.1,3.1,3.1,3.1,3.1,3.1,3.1,3.1,3.1,3.1,3.1,3.1,3.0,3.0,2.9,2.9,2.9,3.0,3.0,3.0,2.8,2.7,2.7,2.6,2.5,2.4,2.4,2.3,2.3,2.4,2.4,2.3,2.3,2.2,2.1,2.0,2.0,1.9,2.0,2.0,2.1,2.1,2.1,2.0,2.0,2.1,2.4,14.1,9.5,7.8,6.7,5.5,4.9,4.4,4.2,4.3,4.4,4.4,4.4,4.2,3.9,3.7,3.4,3.2,3.1,2.9,2.8,2.6,2.4,2.3,2.2,2.2,2.2,2.2,2.3,2.4,2.5,2.5,2.4,2.3,2.1,1.9,1.8,1.7,1.7,1.8,1.9,2.1,2.2,2.3,2.3,2.3,2.3,2.3,2.2,2.1,3.9777777777777774,3.5333333333333328,3.1250000000000004,3.008333333333333,2.483333333333333,2.066666666666667,5.658333333333334,3.5833333333333326,2.3249999999999997,2.0083333333333333,2.225,"[4.0, 4.0, 4.0, 4.0, 4.0, 4.0, 4.0, 3.9, 3.9]","[3.8, 3.7, 3.7, 3.6, 3.6, 3.5, 3.5, 3.5, 3.4, 3.4, 3.4, 3.3]","[3.2, 3.2, 3.2, 3.1, 3.1, 3.1, 3.1, 3.1, 3.1, 3.1, 3.1, 3.1]","[3.1, 3.1, 3.1, 3.1, 3.0, 3.0, 2.9, 2.9, 2.9, 3.0, 3.0, 3.0]","[2.8, 2.7, 2.7, 2.6, 2.5, 2.4, 2.4, 2.3, 2.3, 2.4, 2.4, 2.3]","[2.3, 2.2, 2.1, 2.0, 2.0, 1.9, 2.0, 2.0, 2.1, 2.1, 2.1, 2.0]","[4.4, 4.4, 4.4, 4.2, 3.9, 3.7, 3.4, 3.2, 3.1, 2.9, 2.8, 2.6]","[2.4, 2.3, 2.2, 2.2, 2.2, 2.2, 2.3, 2.4, 2.5, 2.5, 2.4, 2.3]","[2.1, 1.9, 1.8, 1.7, 1.7, 1.8, 1.9, 2.1, 2.2, 2.3, 2.3, 2.3]","[2.3, 2.3, 2.2, 2.1]"
VIRGINIA,5.3,5.2,5.2,5.1,5.1,5.0,4.9,4.9,4.8,4.8,4.7,4.7,4.6,4.5,4.4,4.3,4.2,4.1,4.1,4.0,4.0,4.0,3.9,3.9,3.9,3.9,4.0,4.0,4.1,4.1,4.1,4.1,4.0,4.0,4.0,3.9,3.8,3.7,3.7,3.6,3.5,3.5,3.5,3.4,3.4,3.4,3.3,3.2,3.1,2.9,2.8,2.8,2.8,2.8,2.9,3.0,3.1,3.1,3.1,3.0,2.8,2.7,2.5,2.5,2.5,2.6,2.7,2.8,2.8,2.8,2.9,3.2,12.0,10.0,8.9,8.2,7.2,6.6,5.8,5.3,5.0,4.8,4.7,4.5,4.4,4.2,4.0,3.8,3.5,3.3,3.1,3.0,2.9,2.8,2.7,2.7,2.6,2.5,2.5,2.6,2.7,2.8,3.0,3.1,3.1,3.1,3.0,2.9,2.7,2.6,2.6,2.6,2.7,2.9,3.0,3.1,3.0,3.0,3.0,2.9,2.8,5.0555555555555545,4.366666666666666,4.000000000000001,3.6666666666666665,3.0083333333333333,2.7583333333333333,6.491666666666666,3.8499999999999996,2.7583333333333333,2.85,2.925,"[5.3, 5.2, 5.2, 5.1, 5.1, 5.0, 4.9, 4.9, 4.8]","[4.8, 4.7, 4.7, 4.6, 4.5, 4.4, 4.3, 4.2, 4.1, 4.1, 4.0, 4.0]","[4.0, 3.9, 3.9, 3.9, 3.9, 4.0, 4.0, 4.1, 4.1, 4.1, 4.1, 4.0]","[4.0, 4.0, 3.9, 3.8, 3.7, 3.7, 3.6, 3.5, 3.5, 3.5, 3.4, 3.4]","[3.4, 3.3, 3.2, 3.1, 2.9, 2.8, 2.8, 2.8, 2.8, 2.9, 3.0, 3.1]","[3.1, 3.1, 3.0, 2.8, 2.7, 2.5, 2.5, 2.5, 2.6, 2.7, 2.8, 2.8]","[4.8, 4.7, 4.5, 4.4, 4.2, 4.0, 3.8, 3.5, 3.3, 3.1, 3.0, 2.9]","[2.8, 2.7, 2.7, 2.6, 2.5, 2.5, 2.6, 2.7, 2.8, 3.0, 3.1, 3.1]","[3.1, 3.0, 2.9, 2.7, 2.6, 2.6, 2.6, 2.7, 2.9, 3.0, 3.1, 3.0]","[3.0, 3.0, 2.9, 2.8]"
WASHINGTON,6.0,6.0,5.9,5.9,5.9,5.8,5.8,5.7,5.7,5.6,5.5,5.5,5.4,5.4,5.4,5.4,5.4,5.4,5.4,5.4,5.4,5.4,5.4,5.4,5.3,5.3,5.3,5.3,5.2,5.1,5.1,5.0,4.9,4.8,4.7,4.6,4.6,4.6,4.6,4.6,4.6,4.7,4.7,4.6,4.6,4.6,4.6,4.5,4.4,4.3,4.3,4.3,4.3,4.3,4.4,4.5,4.6,4.7,4.6,4.5,4.4,4.3,4.2,4.1,4.1,4.0,3.9,3.8,3.7,3.7,3.8,5.2,16.7,13.4,11.5,10.4,8.8,8.1,7.2,6.9,6.7,6.4,6.2,6.0,5.7,5.5,5.4,5.2,5.0,4.7,4.5,4.2,4.1,4.0,4.0,3.9,3.9,3.9,4.0,4.0,4.1,4.2,4.3,4.3,4.2,4.1,4.0,3.9,3.8,3.8,3.8,3.9,4.1,4.3,4.4,4.4,4.4,4.6,4.7,4.8,4.8,5.855555555555555,5.433333333333333,5.2250000000000005,4.6416666666666675,4.425,4.191666666666667,8.533333333333333,5.241666666666668,4.066666666666666,4.074999999999999,4.7250000000000005,"[6.0, 6.0, 5.9, 5.9, 5.9, 5.8, 5.8, 5.7, 5.7]","[5.6, 5.5, 5.5, 5.4, 5.4, 5.4, 5.4, 5.4, 5.4, 5.4, 5.4, 5.4]","[5.4, 5.4, 5.4, 5.3, 5.3, 5.3, 5.3, 5.2, 5.1, 5.1, 5.0, 4.9]","[4.8, 4.7, 4.6, 4.6, 4.6, 4.6, 4.6, 4.6, 4.7, 4.7, 4.6, 4.6]","[4.6, 4.6, 4.5, 4.4, 4.3, 4.3, 4.3, 4.3, 4.3, 4.4, 4.5, 4.6]","[4.7, 4.6, 4.5, 4.4, 4.3, 4.2, 4.1, 4.1, 4.0, 3.9, 3.8, 3.7]","[6.4, 6.2, 6.0, 5.7, 5.5, 5.4, 5.2, 5.0, 4.7, 4.5, 4.2, 4.1]","[4.0, 4.0, 3.9, 3.9, 3.9, 4.0, 4.0, 4.1, 4.2, 4.3, 4.3, 4.2]","[4.1, 4.0, 3.9, 3.8, 3.8, 3.8, 3.9, 4.1, 4.3, 4.4, 4.4, 4.4]","[4.6, 4.7, 4.8, 4.8]"
WEST VIRGINIA,6.6,6.5,6.5,6.4,6.4,6.4,6.4,6.3,6.4,6.4,6.5,6.7,6.8,6.8,6.8,6.7,6.6,6.5,6.4,6.4,6.4,6.4,6.3,6.3,6.2,6.2,6.2,6.1,6.1,6.0,5.9,5.8,5.6,5.4,5.2,5.1,5.0,5.0,5.1,5.1,5.2,5.3,5.3,5.4,5.4,5.4,5.4,5.3,5.3,5.2,5.1,5.1,5.0,5.0,5.0,5.1,5.1,5.0,4.9,4.8,4.8,4.7,4.8,4.8,4.9,5.0,5.1,5.1,5.2,5.3,5.3,5.4,15.8,12.4,10.5,9.4,8.1,7.5,6.9,6.5,6.3,6.1,6.0,5.9,5.7,5.5,5.4,5.1,4.9,4.6,4.4,4.2,4.0,3.9,3.8,3.8,3.8,3.8,3.9,4.0,4.0,4.0,4.0,3.8,3.7,3.6,3.5,3.5,3.5,3.6,3.8,4.0,4.2,4.3,4.3,4.3,4.3,4.3,4.3,4.3,4.3,6.433333333333333,6.583333333333335,6.091666666666666,5.208333333333333,5.166666666666667,4.925,8.283333333333333,5.15,3.875,3.9083333333333328,4.3,"[6.6, 6.5, 6.5, 6.4, 6.4, 6.4, 6.4, 6.3, 6.4]","[6.4, 6.5, 6.7, 6.8, 6.8, 6.8, 6.7, 6.6, 6.5, 6.4, 6.4, 6.4]","[6.4, 6.3, 6.3, 6.2, 6.2, 6.2, 6.1, 6.1, 6.0, 5.9, 5.8, 5.6]","[5.4, 5.2, 5.1, 5.0, 5.0, 5.1, 5.1, 5.2, 5.3, 5.3, 5.4, 5.4]","[5.4, 5.4, 5.3, 5.3, 5.2, 5.1, 5.1, 5.0, 5.0, 5.0, 5.1, 5.1]","[5.0, 4.9, 4.8, 4.8, 4.7, 4.8, 4.8, 4.9, 5.0, 5.1, 5.1, 5.2]","[6.1, 6.0, 5.9, 5.7, 5.5, 5.4, 5.1, 4.9, 4.6, 4.4, 4.2, 4.0]","[3.9, 3.8, 3.8, 3.8, 3.8, 3.9, 4.0, 4.0, 4.0, 4.0, 3.8, 3.7]","[3.6, 3.5, 3.5, 3.5, 3.6, 3.8, 4.0, 4.2, 4.3, 4.3, 4.3, 4.3]","[4.3, 4.3, 4.3, 4.3]"
WISCONSIN,5.6,5.5,5.4,5.3,5.1,5.0,5.0,4.9,4.8,4.7,4.7,4.6,4.6,4.5,4.4,4.4,4.3,4.3,4.2,4.2,4.2,4.1,4.1,4.0,4.0,4.0,3.9,3.9,3.9,3.9,3.8,3.7,3.6,3.5,3.4,3.3,3.3,3.2,3.3,3.3,3.3,3.2,3.2,3.1,3.0,2.9,2.9,2.9,3.0,3.0,3.0,3.0,3.0,3.0,3.0,3.0,3.0,3.1,3.1,3.1,3.2,3.2,3.2,3.3,3.3,3.3,3.3,3.2,3.2,3.1,3.1,3.0,14.0,10.6,8.7,7.7,6.4,5.8,5.2,5.0,4.9,4.7,4.6,4.4,4.3,4.1,4.0,3.8,3.6,3.4,3.3,3.1,3.0,3.0,2.9,2.9,2.9,2.9,2.9,2.9,2.9,3.0,2.9,2.8,2.7,2.7,2.6,2.6,2.7,2.9,3.0,3.2,3.3,3.4,3.4,3.4,3.4,3.2,3.0,3.0,2.9,5.177777777777777,4.425,3.908333333333333,3.2583333333333333,2.975,3.208333333333334,6.458333333333333,3.858333333333333,2.891666666666666,3.0499999999999994,3.025,"[5.6, 5.5, 5.4, 5.3, 5.1, 5.0, 5.0, 4.9, 4.8]","[4.7, 4.7, 4.6, 4.6, 4.5, 4.4, 4.4, 4.3, 4.3, 4.2, 4.2, 4.2]","[4.1, 4.1, 4.0, 4.0, 4.0, 3.9, 3.9, 3.9, 3.9, 3.8, 3.7, 3.6]","[3.5, 3.4, 3.3, 3.3, 3.2, 3.3, 3.3, 3.3, 3.2, 3.2, 3.1, 3.0]","[2.9, 2.9, 2.9, 3.0, 3.0, 3.0, 3.0, 3.0, 3.0, 3.0, 3.0, 3.0]","[3.1, 3.1, 3.1, 3.2, 3.2, 3.2, 3.3, 3.3, 3.3, 3.3, 3.2, 3.2]","[4.7, 4.6, 4.4, 4.3, 4.1, 4.0, 3.8, 3.6, 3.4, 3.3, 3.1, 3.0]","[3.0, 2.9, 2.9, 2.9, 2.9, 2.9, 2.9, 2.9, 3.0, 2.9, 2.8, 2.7]","[2.7, 2.6, 2.6, 2.7, 2.9, 3.0, 3.2, 3.3, 3.4, 3.4, 3.4, 3.4]","[3.2, 3.0, 3.0, 2.9]"
WYOMING,4.4,4.4,4.4,4.4,4.4,4.4,4.3,4.1,4.0,3.9,3.9,4.0,4.1,4.2,4.2,4.2,4.2,4.3,4.3,4.5,4.7,5.0,5.3,5.5,5.7,5.7,5.6,5.4,5.3,5.2,5.2,5.1,5.0,4.8,4.6,4.4,4.2,4.1,4.1,4.2,4.3,4.3,4.3,4.3,4.3,4.2,4.2,4.1,4.0,4.0,4.0,4.0,4.1,4.1,4.1,4.0,3.9,3.7,3.6,3.5,3.5,3.5,3.5,3.6,3.7,3.8,3.9,4.0,4.2,4.4,4.6,4.8,5.1,8.7,7.3,6.8,6.2,5.9,5.6,5.5,5.4,5.3,5.3,5.2,5.0,4.9,4.7,4.5,4.3,4.1,3.9,3.7,3.6,3.5,3.4,3.3,3.3,3.3,3.4,3.4,3.5,3.5,3.5,3.5,3.4,3.3,3.1,3.0,2.8,2.8,2.8,2.8,2.8,2.9,2.9,2.9,2.9,2.8,2.8,2.8,2.8,4.311111111111111,4.208333333333333,5.333333333333333,4.324999999999999,4.058333333333334,3.7083333333333335,5.858333333333334,4.541666666666667,3.416666666666666,2.9166666666666665,2.8,"[4.4, 4.4, 4.4, 4.4, 4.4, 4.4, 4.3, 4.1, 4.0]","[3.9, 3.9, 4.0, 4.1, 4.2, 4.2, 4.2, 4.2, 4.3, 4.3, 4.5, 4.7]","[5.0, 5.3, 5.5, 5.7, 5.7, 5.6, 5.4, 5.3, 5.2, 5.2, 5.1, 5.0]","[4.8, 4.6, 4.4, 4.2, 4.1, 4.1, 4.2, 4.3, 4.3, 4.3, 4.3, 4.3]","[4.2, 4.2, 4.1, 4.0, 4.0, 4.0, 4.0, 4.1, 4.1, 4.1, 4.0, 3.9]","[3.7, 3.6, 3.5, 3.5, 3.5, 3.5, 3.6, 3.7, 3.8, 3.9, 4.0, 4.2]","[5.3, 5.3, 5.2, 5.0, 4.9, 4.7, 4.5, 4.3, 4.1, 3.9, 3.7, 3.6]","[3.5, 3.4, 3.3, 3.3, 3.3, 3.4, 3.4, 3.5, 3.5, 3.5, 3.5, 3.4]","[3.3, 3.1, 3.0, 2.8, 2.8, 2.8, 2.8, 2.8, 2.9, 2.9, 2.9, 2.9]","[2.8, 2.8, 2.8, 2.8]"
PUERTO RICO,13.8,13.6,13.6,13.8,14.0,14.0,13.7,13.2,12.6,12.2,12.0,12.1,12.1,12.1,12.1,12.1,12.1,12.0,12.0,12.0,11.9,11.7,11.6,11.5,11.5,11.6,11.6,11.7,11.8,12.0,12.1,12.0,11.9,11.8,11.5,11.2,10.9,10.6,10.4,10.4,10.5,10.7,11.3,10.9,10.7,10.4,10.2,9.9,9.7,9.5,9.2,9.0,8.7,8.5,8.3,8.3,8.4,8.6,8.7,8.6,8.4,8.1,7.7,7.6,7.7,8.0,8.4,8.7,9.0,9.1,9.1,,,8.9,8.3,8.2,8.3,8.6,9.0,9.3,9.3,9.0,8.5,8.2,8.1,8.1,8.3,8.4,8.3,7.9,7.5,7.0,6.7,6.5,6.3,6.1,6.0,5.9,5.8,5.8,5.8,5.9,6.0,6.0,6.0,6.0,6.0,6.0,6.1,6.2,6.1,6.0,5.8,5.7,5.6,5.6,5.7,5.7,5.7,5.8,5.8,13.588888888888889,12.058333333333332,11.75,10.908333333333333,9.175,8.291666666666668,8.809999999999999,8.000000000000002,6.008333333333333,5.8999999999999995,5.75,"[13.8, 13.6, 13.6, 13.8, 14.0, 14.0, 13.7, 13.2, 12.6]","[12.2, 12.0, 12.1, 12.1, 12.1, 12.1, 12.1, 12.1, 12.0, 12.0, 12.0, 11.9]","[11.7, 11.6, 11.5, 11.5, 11.6, 11.6, 11.7, 11.8, 12.0, 12.1, 12.0, 11.9]","[11.8, 11.5, 11.2, 10.9, 10.6, 10.4, 10.4, 10.5, 10.7, 11.3, 10.9, 10.7]","[10.4, 10.2, 9.9, 9.7, 9.5, 9.2, 9.0, 8.7, 8.5, 8.3, 8.3, 8.4]","[8.6, 8.7, 8.6, 8.4, 8.1, 7.7, 7.6, 7.7, 8.0, 8.4, 8.7, 9.0]","[9.0, 8.5, 8.2, 8.1, 8.1, 8.3, 8.4, 8.3, 7.9, 7.5, 7.0, 6.7]","[6.5, 6.3, 6.1, 6.0, 5.9, 5.8, 5.8, 5.8, 5.9, 6.0, 6.0, 6.0]","[6.0, 6.0, 6.0, 6.1, 6.2, 6.1, 6.0, 5.8, 5.7, 5.6, 5.6, 5.7]","[5.7, 5.7, 5.8, 5.8]"
