date,mental health,depression,mentally ill,mental illness,unwell,not well,struggle,self harm,suicidal,i hate myself,anymore,help me,cutting,pain,kill me,anxiety,social anxiety,worse,unmotivated,lost,trauma,unwanted,bpd,ptsd,suicide,vulnerable,lonely,sad,miserable,low,hopeless,aching,always,never,down,stressed,helpless,worthless,insecure,stuck,hurting,numb,intrusive,don't know why,crying,nothing matters,empty,overwhelmed,hurt,tired,grippy socks,stressy depressy,suey,kms,kill myself,unalive,unaliving,crippling
2005-01-01,61,90,76,72,59,13,24,47,37,93,9,58,54,45,21,43,72,32,31,31,40,63,17,24,20,10,62,27,32,78,30,48,38,46,67,7,43,50,10,31,15,81,17,0,34,48,62,8,16,34,0,0,62,31,49,0,0,12
2005-02-01,70,98,94,77,63,13,28,56,45,100,9,58,58,46,24,43,64,28,36,32,48,59,17,24,25,11,73,26,47,75,29,54,39,47,67,8,40,51,10,29,16,72,19,0,36,46,64,8,18,33,0,0,61,34,52,0,0,14
2005-03-01,68,98,87,80,60,13,29,52,43,90,9,57,57,44,20,41,57,26,46,34,41,55,16,24,28,10,77,26,36,72,29,49,38,45,68,8,42,53,9,27,16,68,16,0,33,46,62,9,18,33,0,0,65,34,48,0,0,11
2005-04-01,66,100,92,81,62,14,33,55,43,84,9,60,56,47,21,46,63,27,48,38,45,57,18,26,22,11,96,27,39,77,29,52,40,47,74,9,41,50,9,26,17,55,18,0,36,52,60,9,19,33,0,0,68,37,51,0,0,11
2005-05-01,64,97,77,78,60,15,38,56,39,75,9,61,58,44,22,41,56,27,37,40,41,53,16,26,21,10,100,27,27,76,28,52,39,53,85,8,46,45,10,28,16,51,20,0,38,48,63,8,18,32,0,0,76,38,53,0,0,15
2005-06-01,61,74,66,66,53,13,35,48,38,71,9,54,57,44,24,39,59,24,34,35,40,56,18,24,18,9,100,27,26,70,31,49,38,49,80,7,41,48,10,29,13,47,12,0,35,48,58,7,18,32,0,0,78,36,45,0,0,12
2005-07-01,58,73,66,60,52,13,26,42,35,72,10,55,52,44,22,40,55,28,28,34,40,53,19,21,19,9,87,26,24,73,30,57,38,47,76,6,41,46,10,31,16,59,10,0,34,52,60,9,19,32,51,0,76,35,46,0,0,10
2005-08-01,58,71,64,59,52,14,24,36,33,84,9,54,52,41,21,40,59,41,27,46,41,54,18,22,18,11,78,25,39,69,29,54,42,48,72,6,41,48,9,31,15,48,11,0,37,50,58,8,19,32,0,0,74,37,49,0,0,13
2005-09-01,62,75,63,64,43,13,25,41,36,83,9,59,48,43,23,42,58,51,41,55,43,51,18,23,20,11,61,26,87,63,27,46,39,48,74,7,41,46,10,31,15,42,14,0,33,46,63,11,20,34,0,0,79,37,56,0,0,15
2005-10-01,63,94,72,78,45,16,31,42,42,76,10,56,54,44,23,42,60,40,35,56,45,49,19,26,22,10,56,28,62,64,31,49,41,48,76,8,38,47,10,30,16,42,16,0,36,55,62,10,21,31,0,0,76,42,53,0,0,10
2005-11-01,61,94,75,79,40,16,38,47,44,83,9,55,57,45,22,43,61,37,36,52,42,48,18,27,23,12,56,29,52,64,31,49,44,49,76,9,43,53,10,33,17,42,16,0,38,66,60,9,26,35,0,0,75,37,53,0,0,12
2005-12-01,51,84,64,61,43,16,37,38,38,76,9,55,53,43,24,37,54,33,37,51,35,51,17,21,21,8,57,30,76,61,29,49,42,51,78,8,43,50,9,34,15,44,15,0,37,82,58,10,24,34,0,0,81,33,50,0,0,11
2006-01-01,58,90,58,60,42,15,38,44,36,60,9,52,53,48,22,41,57,34,35,59,38,55,17,21,20,9,58,30,76,67,28,50,41,49,72,7,38,49,9,33,15,39,14,0,37,70,59,9,25,33,0,0,83,36,48,0,0,7
2006-02-01,59,91,66,64,45,16,35,47,35,70,9,55,54,42,21,41,62,29,42,53,40,47,16,22,20,10,53,30,94,66,27,50,41,48,69,8,41,53,9,30,15,41,17,0,36,63,57,10,24,36,0,0,73,36,46,0,0,17
2006-03-01,61,94,70,70,43,15,36,52,36,62,8,57,55,44,21,41,53,31,52,54,42,46,16,23,20,11,52,29,93,65,25,47,41,47,68,7,33,53,10,31,16,40,15,0,39,61,56,7,25,35,0,0,74,41,46,0,0,14
2006-04-01,58,90,71,70,45,16,38,42,36,66,9,61,50,44,22,41,54,30,37,58,39,48,16,25,21,11,53,28,58,63,28,50,40,51,67,8,36,49,9,30,16,42,16,0,35,61,55,8,22,32,0,0,73,38,47,0,0,12
2006-05-01,58,88,66,64,40,15,38,45,36,62,11,54,55,46,24,38,49,30,41,78,44,45,17,23,19,12,54,29,46,65,25,46,43,55,68,8,34,41,8,29,16,39,17,0,36,60,55,9,22,32,0,0,72,42,53,0,0,10
2006-06-01,55,66,52,53,48,14,36,37,33,60,10,50,53,42,23,36,45,31,29,46,41,47,18,20,18,11,50,28,32,59,24,48,43,51,69,6,30,40,9,29,15,42,11,0,37,66,54,8,22,30,0,0,68,37,37,0,0,13
2006-07-01,52,60,52,46,44,14,28,30,33,61,12,49,49,43,23,36,43,30,38,47,38,51,17,19,18,11,53,28,19,70,24,52,42,48,66,6,29,44,8,31,15,49,11,0,38,62,55,8,22,30,0,0,65,39,46,0,0,12
2006-08-01,53,63,46,46,42,14,27,28,30,57,13,44,47,44,23,36,48,31,26,47,39,51,18,19,16,11,53,26,39,70,25,50,41,45,64,6,29,44,8,31,16,52,11,0,35,65,55,10,22,30,0,0,65,40,38,0,0,9
2006-09-01,58,71,60,57,38,14,32,32,29,52,13,52,52,44,24,40,45,31,36,53,42,46,16,19,19,11,49,26,53,69,20,49,39,47,66,7,29,39,8,29,16,54,11,0,37,63,56,11,30,28,0,0,66,44,52,0,0,13
2006-10-01,61,79,60,62,38,14,36,31,33,60,12,49,51,44,23,40,47,32,35,68,43,47,18,22,19,12,46,29,46,68,21,46,39,48,65,7,31,41,9,30,16,48,20,0,38,60,58,10,39,28,0,0,68,48,49,0,0,12
2006-11-01,54,78,60,59,30,14,39,43,32,57,11,47,51,44,25,35,45,32,39,54,42,44,17,23,17,12,44,28,100,60,19,49,40,48,61,7,31,40,8,33,15,47,17,0,38,57,55,10,49,30,0,0,61,42,49,17,0,8
2006-12-01,42,67,46,50,35,13,39,28,32,52,11,46,46,42,23,32,41,33,36,42,39,41,16,20,17,10,46,27,77,56,22,45,38,51,65,7,28,37,9,32,16,51,13,0,36,62,51,9,44,26,0,0,61,48,39,28,0,10
2007-01-01,53,72,53,50,36,13,37,31,31,48,10,47,46,45,24,37,44,42,37,45,39,46,19,20,15,11,48,26,56,68,21,49,38,46,60,6,29,38,8,33,16,49,15,0,36,58,54,9,40,31,0,0,62,57,38,31,0,10
2007-02-01,54,72,53,53,33,15,43,33,32,50,10,47,47,44,23,36,42,32,48,60,40,47,18,21,17,13,47,27,19,59,20,48,39,50,60,7,29,39,9,31,16,51,16,0,35,53,56,9,35,29,0,0,61,53,38,37,0,10
2007-03-01,54,73,56,55,30,13,49,37,34,40,10,50,47,44,21,38,45,37,34,57,41,44,18,23,18,12,46,26,14,61,19,43,40,51,60,7,31,39,8,31,16,49,16,0,38,52,55,10,31,31,0,0,62,48,41,29,0,11
2007-04-01,55,71,58,59,34,16,42,31,41,48,11,45,50,46,21,37,46,38,31,55,41,44,17,24,17,17,46,27,16,65,22,53,39,52,61,7,30,46,8,32,17,51,14,0,37,55,59,9,29,33,0,0,59,46,42,42,0,12
2007-05-01,52,68,52,57,33,15,49,33,61,46,11,48,47,45,22,34,43,36,33,71,40,48,18,23,16,24,46,29,11,59,19,46,38,58,60,7,40,39,8,31,16,54,16,0,36,53,54,9,25,34,0,0,61,48,45,20,0,9
2007-06-01,48,57,47,46,35,15,50,28,100,47,11,47,48,44,26,32,40,34,28,43,39,45,18,21,15,18,48,27,9,60,18,44,39,57,62,6,35,39,9,31,16,56,11,0,38,57,63,10,28,32,0,0,62,43,44,20,0,9
2007-07-01,50,53,44,43,37,15,42,26,77,47,11,47,48,45,30,33,41,38,19,42,39,47,17,21,14,15,47,27,9,64,19,48,40,54,65,6,32,38,9,32,17,54,11,0,34,66,58,9,25,33,0,0,61,42,41,23,0,11
2007-08-01,46,51,48,47,35,15,40,24,61,41,10,50,46,45,26,33,40,36,31,40,45,46,17,20,17,13,47,26,9,62,19,51,35,52,62,7,32,41,8,34,16,52,11,0,36,59,54,11,25,37,0,0,58,41,40,0,0,11
2007-09-01,48,59,45,48,37,14,52,26,52,43,10,50,46,45,37,37,43,31,34,37,39,42,16,20,16,14,44,27,10,60,21,47,40,49,62,7,30,35,8,32,17,50,14,0,37,57,55,11,25,42,0,0,63,41,40,15,0,13
2007-10-01,55,67,55,55,41,16,61,29,44,41,10,51,49,46,44,38,44,33,45,37,41,42,19,21,16,16,43,29,10,63,21,47,44,53,62,8,31,39,8,30,18,50,17,0,41,54,66,13,27,46,0,0,63,45,39,0,0,9
2007-11-01,50,74,57,55,37,16,80,28,41,40,10,56,47,47,32,35,41,30,38,35,38,50,18,22,17,15,39,30,9,61,26,45,44,51,66,8,41,38,8,31,18,49,16,0,38,53,65,11,25,46,0,0,57,40,40,14,0,11
2007-12-01,40,58,45,43,38,15,100,25,42,43,10,53,46,51,34,30,38,32,34,37,35,47,17,21,16,13,43,30,10,60,24,44,42,54,61,7,52,41,7,37,19,51,14,0,42,59,61,11,25,39,0,0,63,38,45,0,0,10
2008-01-01,48,66,44,46,37,16,81,25,37,41,10,59,46,49,26,36,43,32,38,48,39,50,19,22,16,13,43,30,10,69,20,51,40,53,64,7,60,38,8,34,19,50,16,0,53,52,58,11,27,36,0,0,61,40,44,0,0,10
2008-02-01,51,68,53,49,40,15,90,28,34,40,10,57,48,48,28,36,42,29,39,77,38,46,18,22,18,15,41,32,11,71,23,49,40,55,64,8,59,43,8,35,21,52,17,0,46,52,60,11,28,39,0,0,59,40,45,0,0,11
2008-03-01,48,69,54,53,35,16,87,29,34,57,11,56,53,48,25,35,41,34,39,68,38,47,18,21,17,14,43,29,11,75,22,58,43,63,66,8,59,41,8,41,21,57,15,0,45,55,61,11,26,40,0,0,60,43,48,0,0,11
2008-04-01,51,71,60,56,35,17,80,27,36,40,11,56,50,48,26,37,43,30,43,50,39,44,20,23,17,14,41,28,9,70,20,64,45,60,68,8,46,40,8,34,21,53,16,0,42,52,58,11,28,40,0,0,58,42,42,0,0,12
2008-05-01,46,60,49,53,33,16,81,27,37,38,11,54,49,47,26,33,38,29,34,63,38,45,18,23,15,14,39,29,9,67,21,59,44,54,62,8,45,40,8,34,21,57,14,0,42,53,57,11,26,41,0,0,62,44,46,0,0,13
2008-06-01,46,52,40,45,33,16,68,23,31,41,11,57,49,46,27,32,39,28,31,45,36,45,19,21,14,14,40,29,9,67,19,57,46,60,64,7,42,38,11,35,20,58,13,0,43,60,55,10,28,43,0,0,58,44,42,0,0,12
2008-07-01,45,47,41,39,31,17,56,21,31,44,11,58,47,47,25,33,37,31,26,39,37,45,20,20,14,14,40,28,9,68,20,57,47,61,66,6,39,37,12,39,20,53,11,0,38,56,56,10,26,43,0,0,58,41,41,0,0,12
2008-08-01,44,50,37,42,32,16,51,20,30,41,12,59,49,48,26,34,41,38,37,39,36,43,19,18,14,15,41,30,8,67,20,58,46,69,68,6,39,40,11,37,20,55,11,0,39,60,55,11,28,41,0,0,61,41,46,0,0,13
2008-09-01,46,68,43,49,32,17,56,22,32,41,13,53,47,47,22,34,45,34,40,36,37,41,19,20,16,15,37,30,8,62,20,54,49,61,62,8,38,37,10,36,21,51,15,0,38,69,54,13,27,39,0,0,55,45,45,10,0,13
2008-10-01,49,79,49,47,31,16,66,27,33,41,12,55,48,46,20,34,43,28,49,34,38,45,19,21,17,15,35,32,8,60,22,50,50,60,65,8,42,41,11,35,23,53,17,0,42,69,54,14,29,37,0,0,62,49,40,0,0,15
2008-11-01,46,71,49,50,30,17,71,27,33,43,13,53,48,46,23,34,46,26,43,32,38,41,19,22,19,15,36,32,8,57,22,50,54,70,65,8,40,43,10,37,28,54,16,0,42,65,54,14,29,39,0,0,62,40,44,0,0,25
2008-12-01,38,64,44,42,29,17,83,21,30,47,12,53,45,45,24,33,40,25,37,35,33,42,19,21,18,14,40,32,8,54,21,50,56,62,63,8,38,38,13,42,22,54,15,0,41,70,53,12,28,38,0,0,65,35,41,0,0,20
2009-01-01,44,65,40,40,30,18,75,23,33,42,13,59,46,49,23,33,41,27,49,56,37,46,20,20,16,13,40,31,11,63,22,54,51,61,68,8,37,39,12,40,24,55,17,0,42,71,53,15,31,40,0,0,75,40,41,0,0,14
2009-02-01,46,74,48,49,42,18,74,23,29,45,14,64,46,48,22,35,43,27,40,61,37,45,21,22,16,14,47,33,9,65,23,55,49,64,68,8,36,47,13,40,24,52,18,0,41,70,60,15,32,45,0,0,65,41,43,0,0,18
2009-03-01,48,73,49,51,41,19,76,29,31,44,14,79,48,49,22,36,42,27,53,56,39,43,20,26,16,14,46,32,7,63,21,54,52,60,72,9,32,44,12,39,24,57,17,0,40,69,58,14,30,46,0,0,66,47,39,0,0,15
2009-04-01,46,67,51,47,40,19,76,26,37,45,15,65,47,50,22,36,44,26,42,52,38,42,19,26,17,14,44,33,9,63,20,57,52,63,70,9,33,44,12,39,23,55,16,0,40,80,58,14,31,45,0,0,63,47,43,0,0,15
2009-05-01,43,62,44,46,37,18,72,26,39,47,16,62,49,48,23,36,46,27,40,58,36,41,20,21,16,14,44,35,7,64,22,57,58,63,71,8,37,42,13,41,24,56,16,0,44,85,58,14,31,45,0,0,65,48,47,0,0,13
2009-06-01,44,50,36,39,34,19,69,27,38,43,16,58,47,48,22,32,43,25,39,40,34,40,19,19,15,13,44,35,7,66,22,54,53,62,73,7,39,42,11,41,24,55,13,0,41,89,58,13,33,46,0,0,62,47,42,0,0,11
2009-07-01,41,52,39,36,35,18,58,20,33,42,16,57,46,47,22,35,42,25,36,38,33,41,20,19,14,12,41,35,7,69,22,72,55,64,73,6,34,39,12,42,26,54,12,0,46,83,55,13,40,44,0,0,58,47,40,0,0,15
2009-08-01,42,50,41,39,38,18,54,21,34,44,15,60,48,51,23,36,44,27,37,40,33,45,20,18,13,13,42,35,7,65,24,62,57,67,76,7,37,42,11,46,26,57,12,0,49,85,55,15,41,47,0,0,64,55,45,0,0,14
2009-09-01,45,52,48,45,33,19,54,23,35,42,15,57,47,50,22,37,46,29,41,38,42,41,20,20,15,14,38,35,6,69,22,54,61,64,73,8,41,38,12,43,27,53,16,0,47,85,57,17,36,44,0,0,61,58,41,0,0,13
2009-10-01,46,62,50,52,34,20,59,24,39,43,16,56,48,52,21,38,46,29,46,38,46,40,21,25,15,14,44,39,7,64,25,53,61,62,76,9,35,39,12,45,27,51,20,0,46,93,60,17,35,47,0,0,70,59,40,0,0,16
2009-11-01,44,69,52,52,33,19,66,26,41,47,16,61,48,51,23,37,47,29,41,35,45,38,21,28,15,14,44,40,7,66,22,52,58,64,75,9,37,41,11,43,25,52,20,0,48,96,58,16,36,49,0,0,62,55,46,0,0,15
2009-12-01,36,56,42,42,30,19,71,21,41,42,15,55,45,48,22,34,43,26,42,34,36,40,19,22,13,13,46,40,7,56,24,52,57,61,76,8,35,43,11,47,24,53,15,0,53,100,53,16,38,43,0,0,63,47,44,0,0,13
2010-01-01,42,59,42,41,31,19,59,22,42,46,16,58,45,50,22,36,43,28,43,43,40,41,18,22,14,13,47,39,6,66,25,53,56,65,74,8,34,44,11,46,26,52,16,0,46,98,58,16,53,45,0,0,65,50,43,0,0,15
2010-02-01,44,63,51,50,31,19,60,25,44,46,16,57,47,50,23,38,46,29,51,69,40,39,19,24,15,14,43,41,8,68,25,56,56,63,72,9,32,45,12,45,25,50,19,0,51,96,59,17,62,47,0,0,70,51,41,0,0,12
2010-03-01,45,64,53,54,33,21,57,30,47,49,17,59,51,52,25,38,44,29,49,58,44,43,19,24,16,15,46,42,6,69,25,63,57,67,72,9,32,46,12,48,30,50,19,0,48,93,60,18,100,50,0,0,65,53,43,0,0,14
2010-04-01,45,62,52,53,31,22,53,25,48,49,18,59,49,52,27,38,45,30,49,59,43,42,21,28,17,14,48,41,7,66,25,53,60,70,75,10,35,45,13,48,31,51,19,0,50,92,59,18,48,51,0,0,65,56,50,0,0,16
2010-05-01,43,60,49,45,32,23,55,26,44,52,17,65,49,50,26,36,45,30,47,100,44,44,21,27,15,14,44,42,7,62,24,55,63,73,74,9,36,43,12,53,29,54,16,0,49,97,56,17,44,50,0,0,66,60,43,0,0,16
2010-06-01,41,50,39,38,34,21,51,23,40,45,16,57,48,53,29,36,43,28,40,43,37,40,19,23,13,14,47,45,7,61,24,56,58,81,71,8,34,44,12,48,30,52,15,0,48,92,55,16,42,49,0,0,60,63,40,0,0,16
2010-07-01,40,50,37,37,34,21,39,23,39,47,17,59,49,55,29,38,44,30,39,36,36,48,20,26,14,13,44,42,6,69,26,59,59,86,70,8,32,43,13,53,37,56,13,0,48,81,53,16,44,61,0,0,62,59,46,0,0,14
2010-08-01,40,50,37,37,36,20,40,21,37,48,17,60,48,55,27,38,47,29,35,37,36,48,19,25,14,14,43,40,6,67,26,60,62,84,76,8,32,42,13,63,38,59,14,0,45,82,57,18,45,58,0,0,69,63,48,0,0,13
2010-09-01,40,56,43,44,34,20,42,23,41,43,16,56,47,55,27,39,43,31,51,33,35,43,23,27,16,14,40,43,6,61,24,61,64,83,74,10,32,42,13,57,33,58,19,0,46,87,54,19,43,53,0,0,64,64,44,0,0,13
2010-10-01,42,60,47,48,33,20,46,25,41,45,16,59,49,54,27,40,46,30,45,33,38,45,19,29,18,16,42,43,6,58,23,52,65,86,77,9,33,44,16,57,36,59,20,0,46,87,58,21,44,55,0,0,66,61,50,0,0,14
2010-11-01,40,60,48,50,32,18,51,27,38,48,17,56,50,53,28,39,43,30,49,30,37,43,20,30,15,16,39,42,6,57,24,52,65,80,74,9,33,45,14,59,35,57,22,0,46,83,58,19,44,52,0,63,64,62,49,0,0,14
2010-12-01,32,50,39,40,31,22,52,24,35,48,17,53,47,54,27,36,45,30,39,29,31,45,20,26,14,12,48,45,7,56,23,56,62,79,76,8,34,45,14,59,37,60,18,0,48,87,55,19,42,51,0,0,65,57,48,0,0,12
2011-01-01,39,59,43,47,33,24,46,28,36,50,18,60,48,55,31,39,43,31,51,34,37,47,20,26,14,14,49,44,7,62,25,63,60,83,78,9,32,46,13,60,37,59,19,0,52,83,56,20,46,54,0,0,71,65,52,0,0,13
2011-02-01,41,55,45,48,32,23,47,30,40,49,18,60,48,55,28,41,46,34,45,29,37,42,22,29,14,16,49,46,8,65,27,59,61,100,75,9,32,48,13,53,37,58,21,0,49,87,59,19,44,57,0,0,69,63,45,0,0,13
2011-03-01,43,60,50,51,33,23,47,31,42,46,17,59,50,55,27,43,45,36,48,29,38,47,21,37,14,17,44,47,8,66,24,61,57,93,76,10,31,51,13,53,39,58,21,0,49,78,62,20,44,56,0,0,64,68,46,0,0,16
2011-04-01,41,61,49,56,34,23,43,31,42,51,18,61,53,56,30,40,51,37,49,29,37,49,21,34,15,16,47,47,7,65,27,58,61,94,87,10,36,50,14,57,42,60,21,0,54,82,63,21,46,59,0,0,65,63,50,0,0,15
2011-05-01,40,57,42,49,35,24,42,33,44,48,18,57,52,57,27,41,53,33,50,28,34,44,22,30,14,16,63,46,6,62,24,62,64,83,78,10,34,51,14,58,41,61,20,0,51,86,59,21,46,60,0,0,66,68,44,0,0,14
2011-06-01,39,51,40,43,32,24,40,30,43,49,19,58,51,57,29,39,47,35,44,31,35,46,21,27,13,16,53,49,6,66,24,64,66,97,82,9,33,48,15,56,41,63,17,0,52,90,61,21,46,62,0,0,66,68,46,0,0,15
2011-07-01,35,48,35,38,33,23,34,28,43,50,19,56,50,55,28,40,42,32,39,29,31,47,23,25,13,16,52,47,6,64,26,64,61,96,80,8,33,47,14,57,43,64,16,0,51,83,59,21,44,59,0,0,67,63,46,0,0,15
2011-08-01,37,50,34,40,35,24,33,29,48,48,20,66,51,57,28,41,48,34,39,30,35,48,23,25,15,15,49,47,6,62,22,66,64,93,78,8,32,50,16,56,41,63,14,0,49,83,59,24,50,59,0,0,69,62,50,0,0,13
2011-09-01,38,54,42,47,35,24,33,31,46,45,19,59,49,58,27,43,50,34,51,27,35,47,21,28,14,17,46,49,7,58,28,65,66,89,79,10,32,49,15,53,40,65,21,0,52,92,59,26,45,65,0,0,73,65,50,0,0,14
2011-10-01,40,57,44,48,41,28,34,32,47,49,18,60,51,58,26,44,52,34,48,29,34,45,23,29,15,18,44,51,7,58,85,65,66,83,80,12,39,51,16,56,42,61,23,0,54,88,60,25,48,56,0,0,100,63,48,0,0,15
2011-11-01,39,57,46,50,36,28,36,35,51,49,18,63,52,55,27,43,49,37,49,28,34,46,23,34,16,17,43,50,6,57,100,69,65,82,73,11,34,58,15,60,42,60,24,0,54,86,62,25,46,59,6,0,82,59,50,0,0,14
2011-12-01,31,52,38,43,33,26,37,33,49,47,19,59,48,58,29,39,44,39,41,30,29,46,23,28,15,14,49,50,6,54,89,64,66,78,74,10,33,51,15,62,42,61,19,0,56,92,60,23,50,57,6,0,83,57,54,0,0,13
2012-01-01,36,57,38,44,32,26,35,37,48,47,19,63,50,60,34,45,51,39,49,30,33,49,24,29,15,16,46,49,7,61,73,69,63,77,79,14,100,53,17,57,45,58,20,0,55,89,60,23,51,58,0,0,84,61,51,0,0,15
2012-02-01,39,62,42,50,31,28,35,40,46,52,18,61,49,59,31,47,55,36,47,27,35,47,25,31,14,18,44,52,7,63,64,71,93,76,72,12,34,51,16,53,45,62,25,0,54,76,62,23,49,60,5,0,79,58,49,0,0,14
2012-03-01,37,62,44,51,31,27,35,45,48,54,17,61,50,59,29,45,55,36,47,26,34,48,25,36,13,20,40,48,6,62,50,68,69,69,73,12,33,49,18,53,46,62,23,0,50,74,59,26,51,62,0,0,81,60,48,0,6,15
2012-04-01,39,60,54,53,31,28,35,44,46,47,18,64,51,62,27,47,55,39,50,28,34,51,25,35,15,18,40,48,6,64,45,70,66,73,69,12,33,53,20,54,45,60,23,0,56,73,60,28,52,61,0,0,68,62,47,0,0,16
2012-05-01,39,56,43,49,32,28,32,45,45,50,18,62,53,60,26,44,52,38,48,28,33,49,26,31,14,17,38,50,6,63,40,75,65,70,69,12,37,54,20,56,47,56,22,0,55,74,60,25,53,61,5,0,74,58,51,0,0,17
2012-06-01,37,51,39,44,34,28,31,45,43,50,18,61,53,61,26,44,50,39,47,29,32,52,26,31,13,16,38,50,7,64,39,76,64,71,69,11,34,53,19,60,45,64,19,0,59,76,59,29,49,67,0,0,79,61,48,0,0,18
2012-07-01,35,45,41,47,31,28,29,44,45,49,19,64,53,63,26,47,54,41,42,30,31,53,27,29,13,15,38,50,6,64,41,76,66,74,71,10,32,47,19,63,52,62,19,0,61,72,63,42,52,65,6,0,75,60,57,0,0,16
2012-08-01,36,50,40,44,32,26,28,41,45,48,18,66,53,64,27,48,60,42,43,28,32,54,28,29,15,15,37,50,6,64,35,77,65,85,67,11,32,49,20,68,56,63,18,0,60,71,63,40,54,66,0,0,75,76,58,0,0,16
2012-09-01,36,55,42,52,34,29,30,53,46,46,18,68,57,65,27,51,63,41,51,27,34,53,30,32,17,18,36,53,7,63,44,77,68,94,73,13,35,58,18,63,51,64,25,0,59,71,67,36,52,65,5,0,70,74,57,0,0,16
2012-10-01,41,60,48,57,34,28,34,65,47,56,18,64,57,63,25,51,58,41,54,26,33,51,28,38,17,18,37,52,7,62,43,74,68,80,72,13,33,54,18,59,49,67,28,0,60,70,65,38,50,62,0,0,71,76,58,0,0,21
2012-11-01,37,59,45,54,32,28,32,64,46,53,18,63,53,59,27,47,62,43,57,27,33,52,27,37,17,18,34,49,8,59,40,71,68,80,68,12,32,68,17,60,48,70,25,0,66,69,64,37,48,62,7,0,68,87,62,0,0,18
2012-12-01,33,51,60,63,30,26,30,69,46,52,19,59,51,62,34,45,59,40,42,27,27,54,27,33,19,15,37,52,16,52,40,73,65,76,69,11,33,52,17,63,51,69,24,0,65,70,58,36,49,57,6,0,66,72,63,0,0,14
2013-01-01,38,55,48,54,31,26,30,77,46,46,19,66,61,62,31,49,61,43,51,29,32,51,26,32,14,17,38,52,19,60,44,79,62,76,69,11,31,48,18,61,50,64,23,0,66,70,64,43,52,63,0,0,68,76,69,0,0,14
2013-02-01,39,59,52,66,33,27,30,80,46,46,18,59,54,65,35,51,65,41,55,28,33,53,28,39,16,19,38,53,16,61,39,73,65,72,67,13,30,52,18,65,49,62,30,0,65,65,67,43,55,66,5,0,68,77,62,0,0,16
2013-03-01,39,60,50,61,32,27,30,94,55,52,18,65,57,63,35,52,69,40,54,28,33,55,28,36,15,18,36,53,12,65,37,75,64,73,70,14,29,54,18,63,50,65,26,0,67,64,67,30,51,66,4,0,66,71,63,0,0,15
2013-04-01,39,60,57,64,31,29,33,90,55,46,18,65,58,67,31,52,68,43,62,29,35,53,30,39,15,19,35,51,9,66,39,78,64,72,68,14,30,48,19,59,52,64,31,0,69,58,65,29,53,69,0,0,63,72,63,0,0,14
2013-05-01,38,58,50,62,29,28,31,92,52,40,17,63,58,70,30,50,64,41,48,27,33,55,28,38,15,18,37,53,7,64,38,78,64,69,65,14,27,54,18,61,51,63,24,0,65,59,64,27,59,65,0,0,74,67,62,0,0,15
2013-06-01,36,48,41,51,31,25,28,92,47,48,19,63,59,66,29,50,65,41,47,28,31,56,28,35,15,17,38,52,7,66,35,81,65,73,72,12,28,49,21,68,47,63,23,0,64,58,63,26,54,66,4,0,68,66,61,0,0,13
2013-07-01,37,49,38,49,32,26,26,91,48,47,18,67,61,67,28,49,64,40,49,28,30,61,29,35,13,16,36,54,6,67,35,78,64,73,76,12,28,46,20,67,53,62,21,0,69,53,68,26,53,65,0,0,68,67,61,0,0,16
2013-08-01,36,46,38,49,31,25,27,82,50,46,18,75,57,75,27,50,71,41,45,27,32,60,26,31,14,16,35,53,6,64,83,84,64,78,72,12,28,49,18,65,54,60,22,0,65,57,62,27,53,66,4,0,70,67,57,0,0,15
2013-09-01,40,52,46,60,35,27,30,85,50,46,18,70,58,72,27,51,70,44,50,26,33,59,27,36,15,18,33,57,6,62,51,79,67,76,72,13,28,49,17,70,51,60,29,0,67,58,65,30,50,67,7,0,66,79,63,0,0,14
2013-10-01,44,55,52,70,35,28,30,88,53,44,18,71,58,68,28,52,70,44,60,28,35,58,28,35,14,20,32,58,6,62,42,75,66,75,83,14,29,50,19,68,52,61,32,0,66,58,68,28,50,67,7,0,67,87,58,0,0,16
2013-11-01,37,58,49,66,32,29,31,95,50,45,17,71,56,67,29,52,66,42,60,27,35,59,28,40,14,20,33,56,7,59,42,74,66,73,77,13,33,58,18,69,52,59,32,0,69,57,69,29,55,64,11,0,66,82,68,0,0,17
2013-12-01,33,55,45,56,33,28,30,94,48,46,18,69,56,66,28,49,65,42,50,29,30,61,29,34,14,16,34,59,7,56,38,74,64,71,69,12,30,52,18,72,51,60,26,0,76,58,64,26,50,58,12,0,66,69,74,0,0,15
2014-01-01,39,58,47,56,31,26,28,96,52,41,19,72,57,67,25,55,72,42,58,30,33,63,30,36,15,17,35,58,7,70,41,83,63,72,72,13,30,50,18,78,53,58,30,0,72,55,78,28,53,65,7,0,70,83,61,0,0,20
2014-02-01,40,63,52,62,32,29,29,96,50,45,19,69,58,69,24,54,70,43,58,28,34,61,29,36,15,21,34,62,7,67,37,79,64,71,73,14,30,50,17,70,55,57,29,0,73,53,66,30,51,64,7,0,66,76,64,0,0,18
2014-03-01,41,62,44,65,36,30,30,99,51,44,18,75,60,71,26,55,68,43,57,31,35,65,31,40,15,20,33,60,6,66,36,78,64,67,72,14,27,53,18,67,55,58,28,0,72,53,67,34,52,69,4,0,80,74,62,0,0,17
2014-04-01,41,61,51,73,31,29,32,100,52,45,19,72,62,73,26,54,72,45,64,27,36,65,30,49,15,26,31,61,7,66,36,82,63,72,73,15,31,52,19,71,55,62,29,0,75,52,67,31,53,70,6,0,89,76,66,0,0,16
2014-05-01,40,57,45,67,32,28,29,93,54,47,20,72,59,71,27,51,65,43,53,28,36,66,29,41,14,21,34,63,6,67,37,82,66,78,72,15,30,51,19,66,56,61,32,0,75,50,67,30,54,71,4,0,66,76,67,3,0,16
2014-06-01,36,48,44,54,30,27,27,86,49,43,18,68,63,69,26,50,67,42,49,26,32,65,28,38,13,19,33,61,6,65,34,77,64,70,64,13,29,48,18,68,54,61,23,0,73,47,65,28,53,68,4,0,62,72,66,3,0,17
2014-07-01,34,46,38,50,31,28,26,87,47,42,19,70,64,69,25,52,64,43,45,29,32,66,29,37,13,17,34,68,6,69,34,79,64,74,79,11,31,51,19,69,59,63,22,0,84,47,66,30,54,73,4,0,61,71,63,2,0,16
2014-08-01,37,63,41,58,38,28,29,81,54,37,20,66,59,71,25,56,73,42,48,28,34,66,31,37,20,19,34,66,6,65,35,83,64,71,76,13,32,49,19,72,58,63,22,0,77,48,73,34,55,72,0,0,67,75,66,0,0,16
2014-09-01,38,63,44,59,26,30,30,72,49,44,18,68,60,69,24,56,68,42,59,26,34,66,30,37,15,22,30,65,6,62,35,81,64,73,77,14,29,43,18,67,54,61,29,0,69,50,72,40,51,70,6,0,63,77,67,0,0,19
2014-10-01,44,59,44,71,33,32,29,80,48,42,19,69,59,71,26,56,73,46,57,27,36,67,31,45,16,23,31,70,6,66,37,80,66,69,74,15,29,50,20,71,57,60,31,0,72,53,73,42,52,71,9,0,68,78,62,0,0,17
2014-11-01,39,61,50,67,33,29,30,79,50,41,18,71,64,67,26,55,71,43,55,26,36,67,32,44,15,22,31,67,6,61,34,75,63,68,73,15,30,51,19,71,55,58,29,0,69,58,71,40,50,69,13,0,70,71,67,0,0,18
2014-12-01,34,56,47,52,27,28,30,78,49,46,19,63,59,66,27,52,67,41,49,28,31,71,32,38,17,19,33,69,6,58,35,76,60,67,81,13,29,50,18,74,54,57,25,0,74,56,65,34,50,64,11,0,68,67,62,0,0,18
2015-01-01,39,62,40,58,29,31,30,81,48,40,19,68,60,71,60,56,72,44,57,28,32,69,32,42,15,19,33,70,6,71,39,82,66,67,75,14,30,56,19,76,62,57,28,0,78,56,68,38,53,66,9,0,71,73,65,0,0,20
2015-02-01,41,63,50,63,32,31,30,83,48,43,19,69,60,74,100,60,72,44,58,28,35,68,31,46,15,22,31,71,6,67,41,79,66,66,77,15,30,52,20,71,63,55,31,0,72,54,69,40,52,68,10,0,71,74,71,0,0,21
2015-03-01,42,70,57,69,30,30,30,84,59,45,19,73,65,70,94,59,72,42,58,26,37,71,34,48,17,22,31,70,6,70,44,80,67,66,75,15,30,53,21,70,59,58,30,0,76,58,72,36,53,72,9,0,67,72,67,3,0,17
2015-04-01,43,67,49,68,32,31,30,81,52,49,18,75,66,73,62,59,74,45,64,27,38,70,34,48,19,22,29,72,6,69,46,84,66,68,78,18,32,57,20,67,61,58,27,0,74,51,75,40,53,74,6,0,76,74,68,2,0,20
2015-05-01,41,59,44,64,26,30,42,82,53,47,19,70,64,70,51,59,71,45,56,27,35,72,35,47,23,22,31,74,6,69,64,81,64,68,69,21,31,55,20,68,64,58,33,0,76,51,67,38,55,74,6,0,72,73,64,0,0,17
2015-06-01,38,54,42,58,29,28,28,76,49,43,18,66,67,72,48,55,69,43,52,28,36,73,31,42,16,21,28,72,5,70,51,85,64,66,68,19,36,51,20,71,64,57,26,0,72,48,70,36,58,75,9,0,63,77,66,2,0,17
2015-07-01,38,51,41,56,30,29,25,70,51,45,19,71,66,71,47,60,76,43,50,29,34,72,33,45,32,20,29,74,6,70,41,80,64,62,71,17,39,52,20,77,66,58,24,0,76,50,72,35,55,72,7,0,63,76,67,0,0,19
2015-08-01,38,53,40,58,31,29,29,64,50,42,19,73,65,74,48,65,75,44,51,29,34,75,34,38,18,19,29,74,6,77,37,87,61,65,78,19,38,57,20,79,62,58,24,0,80,50,69,38,55,70,5,0,66,89,61,2,0,19
2015-09-01,44,59,45,65,31,32,32,67,51,41,20,70,66,86,43,65,79,45,62,28,39,74,37,43,18,24,26,73,6,68,37,84,73,69,77,22,34,54,20,76,62,58,32,0,81,48,71,44,57,72,6,0,69,86,65,2,0,20
2015-10-01,48,63,54,79,27,34,32,71,51,39,20,70,66,79,48,64,75,44,60,28,39,71,36,48,18,23,27,74,6,64,36,81,70,63,75,24,39,57,20,74,63,55,35,0,76,49,75,41,54,73,9,0,69,82,74,0,0,21
2015-11-01,42,62,47,73,31,32,30,73,51,39,19,66,61,74,46,62,75,44,61,27,38,70,35,50,17,23,27,69,6,63,35,82,68,65,75,26,39,54,20,71,62,56,34,0,77,44,69,38,53,68,12,0,64,76,68,2,0,22
2015-12-01,36,59,44,64,29,31,29,69,51,41,20,70,63,71,45,60,74,44,50,28,38,73,38,47,17,20,28,75,6,62,36,83,64,66,76,40,37,54,20,81,62,55,31,0,83,45,69,34,53,67,14,0,66,76,72,0,4,23
2016-01-01,42,60,43,65,31,38,33,66,51,41,35,74,65,75,47,64,72,48,54,26,37,73,34,45,22,21,30,77,6,75,34,90,80,70,77,62,37,53,21,72,70,56,31,73,89,40,72,37,57,71,14,0,62,71,71,0,0,21
2016-02-01,46,65,54,75,32,41,33,67,56,39,38,72,69,76,40,67,70,52,67,26,41,69,38,43,19,24,27,76,6,73,34,85,78,68,72,89,54,59,21,70,67,55,35,74,82,39,75,38,57,76,12,0,65,69,72,3,0,22
2016-03-01,44,69,51,75,32,42,32,71,57,39,38,67,68,79,37,70,74,48,64,26,42,72,36,49,18,24,25,81,7,73,34,89,80,72,74,100,44,60,21,72,67,54,33,76,80,37,71,39,57,81,10,0,61,71,74,3,0,23
2016-04-01,47,65,50,77,31,41,32,67,57,43,39,69,68,76,38,67,72,48,63,26,39,68,36,52,23,24,27,78,6,71,33,84,76,72,68,97,46,63,22,73,68,57,32,68,86,36,72,39,55,82,12,0,60,72,75,0,0,27
2016-05-01,46,61,49,73,30,40,33,65,57,44,43,69,76,77,43,64,70,49,64,27,41,69,37,51,19,24,29,83,6,73,35,84,77,73,70,82,51,59,23,72,65,53,31,71,87,37,72,40,60,80,9,0,60,74,80,2,0,29
2016-06-01,42,51,43,63,31,41,28,60,54,41,46,70,66,74,44,63,66,50,52,27,40,70,36,47,20,22,28,79,6,75,35,87,71,74,70,66,50,53,22,74,67,56,27,70,89,35,72,38,57,78,9,0,59,73,78,0,0,26
2016-07-01,38,46,42,55,30,35,26,56,51,42,58,71,70,78,43,64,62,48,52,28,35,72,33,46,33,19,27,80,6,73,33,86,70,68,74,52,49,55,21,80,68,60,27,61,83,35,70,36,55,77,9,0,56,71,79,2,0,31
2016-08-01,40,53,43,57,28,34,31,50,56,38,100,68,68,79,39,66,58,43,50,27,37,68,35,44,100,21,25,80,5,68,31,80,69,66,74,46,43,49,20,73,66,56,26,62,79,35,70,35,54,78,8,0,58,73,83,0,0,68
2016-09-01,47,60,46,70,37,39,31,54,47,40,99,72,73,81,37,72,66,49,55,27,39,71,37,49,46,23,24,81,6,71,31,84,75,69,76,45,47,55,25,74,69,58,34,68,82,39,74,41,55,84,9,0,60,80,86,0,0,78
2016-10-01,52,65,51,77,35,40,32,56,47,39,83,70,73,79,44,72,71,50,63,27,40,68,38,59,40,24,25,85,6,68,31,83,73,70,75,41,49,59,39,74,68,53,35,67,82,40,69,40,61,82,9,0,63,75,81,2,0,100
2016-11-01,48,64,52,83,31,41,31,58,46,38,69,71,72,76,36,69,69,51,57,27,41,68,37,54,32,25,26,88,6,66,32,80,77,68,75,40,53,60,56,73,65,53,35,69,100,40,78,39,56,78,13,0,57,75,84,0,0,84
2016-12-01,39,60,48,68,31,38,31,55,47,39,64,68,68,78,36,67,63,50,53,27,35,73,37,66,32,20,27,89,6,65,32,82,75,65,72,37,57,56,49,78,67,53,31,71,85,39,76,36,59,73,19,0,62,73,92,0,0,68
2017-01-01,48,63,67,80,32,41,31,56,49,40,63,72,72,77,35,76,71,52,61,28,39,75,37,54,27,23,28,87,7,76,32,93,80,68,74,36,51,58,35,76,70,57,36,70,84,36,76,40,91,82,13,0,67,77,88,0,0,73
2017-02-01,50,68,92,84,37,44,33,61,52,39,59,72,73,80,35,75,70,51,71,26,41,71,40,52,22,25,30,87,7,77,35,92,81,70,74,38,53,55,31,73,70,55,39,71,83,36,78,40,64,83,13,0,68,79,84,2,0,71
2017-03-01,52,69,68,83,31,45,32,62,50,38,56,72,78,85,34,76,71,53,70,26,44,77,39,54,20,26,30,88,7,82,31,87,79,69,75,35,55,61,32,72,71,57,40,69,79,35,82,45,61,84,12,0,65,80,92,0,0,60
2017-04-01,50,68,58,84,30,44,32,68,59,40,53,71,79,82,35,76,70,53,68,28,43,71,38,58,23,24,31,90,6,78,34,86,76,66,75,33,51,57,29,72,74,55,31,72,80,36,74,39,59,83,12,0,61,82,100,2,0,60
2017-05-01,51,65,52,78,32,41,32,66,56,38,49,77,78,80,35,74,66,51,61,25,42,71,41,56,22,25,30,88,6,72,34,88,75,65,72,32,50,56,28,73,72,57,34,71,90,34,75,42,58,92,8,0,58,78,91,0,0,51
2017-06-01,45,57,46,64,31,39,29,58,51,43,51,89,78,78,34,66,61,50,51,25,38,69,37,52,19,22,30,90,6,73,53,86,74,63,76,28,55,48,30,75,71,58,29,90,89,34,74,38,58,88,8,0,58,75,84,0,0,44
2017-07-01,41,55,43,68,32,39,28,55,51,43,50,83,79,80,35,71,62,54,56,28,37,69,39,49,20,21,30,93,6,77,36,92,70,63,71,26,47,53,63,75,74,100,30,100,93,34,75,39,62,90,10,0,59,77,76,2,0,40
2017-08-01,44,59,39,60,31,38,32,50,49,38,46,84,79,80,35,75,63,53,58,28,36,70,38,46,19,21,30,88,6,75,32,89,70,63,70,25,48,50,86,70,75,73,30,86,86,32,75,39,61,84,14,0,61,76,76,2,0,40
2017-09-01,47,62,42,68,30,40,32,54,49,41,46,83,74,83,37,72,69,53,61,25,42,68,39,53,18,25,29,81,6,71,31,87,74,63,70,27,47,55,85,70,74,62,35,82,83,33,77,45,57,86,13,0,60,82,80,0,0,45
2017-10-01,62,70,65,90,31,45,33,60,55,37,44,82,72,82,32,84,73,54,70,26,55,69,41,54,18,26,28,82,6,74,34,89,73,63,72,27,49,59,43,73,75,62,43,77,85,35,85,46,61,86,13,24,60,77,86,0,0,47
2017-11-01,53,72,62,85,31,44,33,63,55,36,42,79,74,79,32,77,74,52,77,25,52,70,40,59,18,25,27,78,6,69,33,89,74,61,74,28,49,59,34,72,73,60,43,74,82,36,79,45,58,81,16,0,62,77,86,0,0,48
2017-12-01,42,62,42,74,31,39,35,53,52,42,41,76,76,82,34,74,71,52,61,25,47,70,41,52,18,22,33,83,6,67,32,92,73,66,71,25,45,55,35,77,73,59,36,75,84,40,76,40,61,77,16,0,58,75,93,0,0,49
2018-01-01,50,68,44,72,32,39,32,58,51,33,43,77,73,84,35,77,69,56,67,25,50,69,39,49,24,24,28,79,6,81,32,95,72,67,76,25,43,59,36,78,77,58,38,69,82,33,79,42,56,83,17,0,60,78,88,2,0,50
2018-02-01,58,71,100,99,35,45,32,58,50,38,43,75,79,87,34,82,74,61,74,25,60,70,42,55,17,24,27,86,6,79,32,94,74,68,72,28,44,59,33,73,77,61,45,72,89,36,82,45,62,87,14,0,61,79,84,0,0,43
2018-03-01,55,75,59,87,35,44,32,59,56,37,42,80,82,88,33,79,74,55,67,24,52,70,43,57,16,24,27,88,6,80,32,92,73,71,68,26,50,62,35,72,74,65,43,76,84,34,81,44,61,91,17,0,60,79,82,0,0,44
2018-04-01,55,69,54,86,32,44,33,55,52,38,40,72,80,87,32,80,76,53,72,31,53,69,46,55,17,26,27,85,6,79,33,91,72,74,68,26,43,59,31,73,73,62,40,73,87,33,77,44,60,90,11,0,58,80,78,0,0,46
2018-05-01,58,65,50,82,29,42,32,61,55,36,39,71,83,89,62,79,69,53,66,27,48,71,45,56,17,24,27,84,6,77,44,87,68,65,68,25,44,57,33,71,78,62,36,69,81,31,80,43,59,89,11,0,52,85,88,0,0,45
2018-06-01,52,63,41,78,33,38,29,57,62,36,41,73,81,85,39,75,61,53,61,25,47,71,48,52,22,22,25,98,6,76,35,87,70,65,64,22,45,53,35,71,77,63,35,67,89,32,73,42,57,88,11,56,51,82,76,2,0,37
2018-07-01,48,57,37,64,33,38,27,54,51,36,41,75,81,85,37,75,66,50,60,25,42,70,46,52,16,21,26,100,6,77,42,91,68,64,65,22,42,50,39,79,76,69,33,71,84,31,76,41,61,83,10,36,57,80,75,2,0,34
2018-08-01,50,56,37,66,34,38,31,56,55,35,39,75,83,87,37,81,67,52,59,25,45,69,45,53,16,22,25,96,6,75,45,88,69,62,64,23,42,54,68,71,74,62,32,69,81,34,76,43,58,87,13,47,56,79,79,2,0,35
2018-09-01,56,64,40,79,34,43,32,53,57,36,40,71,82,87,34,88,68,54,73,24,47,72,45,56,17,26,24,91,6,73,44,86,77,66,67,26,42,54,74,68,71,60,41,74,83,33,72,48,61,85,13,53,60,83,78,3,0,37
2018-10-01,72,70,48,96,35,45,31,54,53,34,39,74,84,84,30,86,73,54,71,23,51,70,47,60,17,25,25,90,6,71,40,87,77,63,68,27,44,54,48,68,68,60,44,67,81,32,78,47,60,97,13,35,57,82,80,0,0,39
2018-11-01,60,71,45,88,41,43,30,58,53,35,42,72,82,81,33,84,71,53,73,24,46,70,48,64,15,25,24,91,6,72,41,86,76,66,69,24,45,56,32,69,73,61,45,72,83,34,81,45,59,79,18,67,59,81,88,3,0,41
2018-12-01,49,67,39,73,37,39,30,51,53,37,40,71,81,85,33,82,66,57,57,24,41,70,53,54,15,23,28,88,7,71,42,91,71,66,71,23,40,57,33,73,71,60,39,75,79,34,75,43,64,79,20,69,58,76,86,3,0,40
2019-01-01,59,68,39,71,33,42,33,53,54,36,40,75,84,85,30,86,68,58,69,25,45,71,51,55,15,25,26,81,7,80,47,92,72,66,74,24,41,56,33,71,79,64,38,66,80,33,77,44,63,83,19,64,59,82,75,2,0,40
2019-02-01,61,74,42,79,36,47,33,61,51,36,40,74,82,87,29,86,72,57,75,24,50,71,52,62,17,26,25,82,7,78,44,93,78,71,69,25,41,59,32,70,74,62,45,70,79,33,81,45,61,90,15,48,60,78,81,2,0,43
2019-03-01,62,71,51,81,36,44,31,57,56,35,37,76,86,87,31,100,71,56,72,24,52,81,49,60,16,26,25,87,6,78,40,92,77,63,73,25,42,58,31,67,76,63,46,75,79,31,79,46,61,97,14,25,59,81,81,0,0,39
2019-04-01,62,66,42,79,33,42,30,54,49,33,38,73,88,90,34,86,70,56,73,23,49,88,49,68,14,25,22,81,6,79,37,91,74,59,65,24,37,56,31,65,73,60,41,68,79,29,81,44,62,95,12,30,55,77,71,0,0,39
2019-05-01,65,67,39,76,34,44,29,52,48,31,37,73,84,88,35,85,66,54,70,24,48,79,52,62,14,26,23,76,6,75,39,87,73,61,65,23,36,55,32,66,72,59,38,63,79,33,78,45,58,94,11,33,55,79,79,2,0,39
2019-06-01,57,58,36,65,36,41,29,51,47,32,40,75,84,93,31,82,64,53,64,23,46,71,49,64,13,24,24,79,6,81,37,88,85,64,69,22,35,55,30,70,73,61,36,65,79,33,79,44,64,91,10,28,53,78,83,0,0,36
2019-07-01,54,58,34,54,35,41,33,46,45,34,39,75,83,89,31,81,62,52,58,24,46,80,53,59,13,23,23,76,5,73,39,88,68,64,70,20,35,52,30,70,76,61,35,63,80,34,78,43,60,92,9,0,52,83,75,0,0,34
2019-08-01,55,56,49,70,36,40,34,46,48,35,38,74,80,84,33,87,66,53,60,27,47,72,51,56,15,24,23,77,6,76,34,87,71,61,64,22,38,55,28,70,74,63,34,66,79,35,76,46,60,89,11,38,56,78,79,0,0,34
2019-09-01,66,66,48,75,36,47,33,46,52,35,37,78,82,85,32,88,72,54,68,24,52,73,50,60,17,28,22,70,6,75,34,88,78,61,66,23,36,60,30,69,76,58,39,65,79,31,81,51,61,87,18,38,55,84,86,0,0,39
2019-10-01,83,70,54,96,39,48,33,49,52,33,38,73,79,89,30,88,75,55,75,23,52,66,50,66,17,27,24,71,7,73,32,91,75,61,69,25,35,56,30,69,73,58,45,65,82,30,82,49,61,84,17,34,54,81,93,2,0,37
2019-11-01,66,71,42,85,38,47,31,52,52,33,38,80,80,89,28,87,83,60,70,24,53,66,53,65,14,28,22,75,7,73,32,87,75,61,67,23,37,55,31,71,83,58,43,68,81,30,76,48,62,83,22,39,60,79,91,0,0,39
2019-12-01,54,62,39,75,39,40,28,47,69,34,37,70,77,89,29,82,68,57,58,26,47,71,51,64,13,24,24,73,7,72,30,93,71,61,67,22,34,53,34,73,77,61,38,74,79,33,72,45,60,80,22,35,58,75,85,0,0,35
2020-01-01,65,65,43,78,39,43,32,52,77,32,37,74,74,93,28,91,75,62,71,26,52,75,54,70,14,32,22,70,7,82,33,100,73,65,70,23,36,53,36,71,83,61,45,95,83,30,80,48,64,88,20,100,60,80,77,0,0,37
2020-02-01,68,72,42,81,46,50,33,57,75,34,37,77,75,88,29,88,76,65,78,23,57,71,54,69,16,29,23,74,7,76,32,91,78,62,65,24,36,56,35,66,83,61,49,87,84,31,82,50,65,86,14,78,55,83,84,2,0,38
2020-03-01,63,68,34,65,56,50,30,50,65,30,36,77,73,89,34,89,60,100,60,25,45,70,47,68,13,100,22,77,6,68,34,94,73,65,100,23,41,56,38,81,75,55,42,77,89,31,92,62,63,80,9,50,48,71,72,2,0,36
2020-04-01,61,73,39,71,46,58,33,50,59,33,39,81,87,100,38,89,55,77,89,26,48,74,53,68,13,81,23,72,7,75,38,94,88,82,84,24,42,64,82,86,86,64,49,86,89,35,95,65,67,85,8,31,59,69,79,2,0,41
2020-05-01,69,67,42,75,45,60,37,55,55,36,39,77,100,93,37,85,63,65,90,26,51,70,58,69,13,59,22,71,7,81,37,90,86,81,80,24,43,68,86,100,86,66,52,83,88,33,88,59,68,88,10,43,68,90,82,3,0,35
2020-06-01,62,68,40,72,47,53,33,52,59,34,38,79,88,88,34,88,69,63,76,25,52,67,56,67,18,47,21,71,6,81,35,88,79,69,79,23,40,64,100,86,81,63,47,88,87,33,91,59,67,89,10,36,63,74,78,2,0,44
2020-07-01,63,61,42,70,65,53,31,54,58,36,39,80,92,91,33,90,71,66,75,25,51,72,62,68,14,37,22,71,6,82,37,90,76,70,76,23,75,67,61,90,84,65,49,77,93,31,92,66,71,90,12,37,60,77,81,2,0,36
2020-08-01,62,62,36,67,100,49,32,59,52,31,36,100,87,92,32,90,71,62,76,26,52,71,58,64,15,34,20,69,6,83,33,85,79,64,74,22,55,59,57,86,81,65,48,75,88,30,82,84,68,91,10,29,57,79,82,2,0,36
2020-09-01,72,64,39,82,66,68,38,58,59,32,37,90,89,88,37,96,78,65,91,25,55,75,60,68,17,40,21,73,6,83,37,84,90,72,70,26,48,59,60,80,78,60,65,79,90,28,87,100,65,92,14,45,62,81,82,4,0,39
2020-10-01,84,62,39,80,56,66,38,56,53,34,35,79,82,87,32,91,68,60,88,22,53,74,58,63,13,40,24,70,6,75,39,88,83,65,71,25,41,58,59,72,77,57,63,72,89,28,86,79,65,88,17,31,60,80,76,4,0,36
2020-11-01,65,60,43,79,55,59,32,54,50,37,32,74,80,83,31,87,65,61,84,22,48,67,63,61,12,44,24,69,6,70,41,85,80,61,76,24,39,54,49,73,74,57,58,68,87,26,77,74,60,84,21,50,59,80,76,7,0,34
2020-12-01,54,56,38,70,52,56,32,54,50,30,35,79,83,87,32,83,63,61,81,22,47,72,67,62,12,34,22,68,6,71,40,88,84,63,71,22,35,53,52,85,73,58,55,70,83,28,75,72,63,78,25,38,62,75,76,7,0,32
2021-01-01,61,58,38,67,59,54,32,53,51,33,35,79,79,85,29,86,64,66,88,23,49,73,69,66,13,46,21,67,6,80,36,89,79,66,75,24,36,54,57,78,79,61,62,69,94,27,80,72,67,86,20,27,63,75,74,6,4,36
2021-02-01,70,63,40,76,60,63,33,63,54,36,36,78,82,93,30,92,71,64,96,22,55,75,70,66,13,43,20,73,6,84,36,87,88,64,70,26,36,58,50,80,78,60,62,73,86,25,81,72,65,91,23,34,62,79,76,8,0,37
2021-03-01,70,62,38,75,62,68,38,80,54,33,38,84,78,88,30,90,73,61,93,23,57,82,72,71,14,40,19,68,6,85,34,88,82,62,72,25,36,54,45,96,88,60,61,78,79,24,81,70,64,91,16,37,62,85,75,8,2,35
2021-04-01,67,57,40,74,58,61,34,74,50,35,37,80,82,92,44,92,76,66,100,22,54,77,76,69,13,37,19,68,6,83,34,91,84,61,66,23,37,63,44,76,81,60,56,75,81,25,83,74,65,94,24,23,59,92,65,14,6,37
2021-05-01,78,59,39,77,64,64,36,69,52,30,39,82,84,93,33,94,81,65,86,24,57,79,84,69,12,35,19,71,6,78,36,87,85,62,69,25,37,59,48,74,86,61,56,77,90,24,83,75,66,92,24,50,57,75,82,18,6,39
2021-06-01,64,57,38,63,56,59,34,66,51,30,38,80,85,87,35,90,74,62,77,24,57,76,79,66,12,33,18,66,6,82,36,88,82,57,67,22,35,54,45,76,83,59,54,73,83,27,81,65,66,93,24,0,52,78,69,25,10,35
2021-07-01,66,50,34,62,53,56,33,61,55,33,37,80,83,95,35,86,67,66,78,25,55,76,79,64,18,32,19,66,6,79,33,89,79,77,66,20,30,49,40,80,92,60,52,71,87,29,85,68,71,94,19,33,57,83,74,27,10,35
2021-08-01,62,51,37,63,56,57,36,57,52,30,37,88,79,89,36,88,69,70,85,24,54,75,78,65,47,31,18,66,8,82,33,90,84,64,63,21,32,49,40,78,89,59,53,72,84,30,83,75,69,94,18,0,57,86,72,23,6,33
2021-09-01,73,55,40,68,55,72,47,62,58,31,36,83,76,84,32,91,79,65,83,24,59,75,78,64,17,35,18,65,6,83,30,86,87,63,65,23,29,51,40,72,85,57,57,72,80,36,82,72,66,90,36,22,54,91,63,23,8,31
2021-10-01,87,57,40,73,62,72,40,60,55,32,38,83,81,87,30,93,77,66,84,24,60,76,84,100,15,36,19,65,6,81,30,84,87,62,95,24,30,51,61,78,89,59,67,72,75,28,84,70,68,93,53,23,55,80,72,32,11,32
2021-11-01,75,58,42,74,59,69,34,63,54,35,36,82,78,83,28,93,73,67,87,23,58,71,80,68,13,34,17,65,6,78,30,81,85,62,66,25,32,50,60,72,86,54,60,74,81,26,76,67,64,86,78,22,51,86,78,31,23,31
2021-12-01,64,52,41,66,60,65,51,66,48,33,37,85,76,88,28,82,69,70,70,26,54,72,79,60,13,34,18,67,6,78,33,88,85,61,69,21,30,46,80,78,88,55,53,73,79,24,82,65,67,86,97,26,55,80,81,44,10,32
2022-01-01,73,57,40,72,62,77,40,61,59,32,41,92,88,87,31,87,74,72,95,32,60,76,81,65,14,40,19,67,8,91,35,88,97,67,73,23,32,55,61,86,89,58,61,84,89,24,99,78,74,88,74,31,61,85,93,62,7,37
2022-02-01,83,62,56,84,58,92,42,65,62,33,41,96,86,87,37,94,86,63,93,77,71,79,79,69,14,43,20,70,8,94,37,79,96,68,76,26,37,60,48,84,85,59,68,85,82,25,99,82,72,95,63,21,60,88,79,100,8,37
2022-03-01,90,64,54,85,60,100,45,69,61,33,41,97,88,86,33,96,90,72,99,49,71,87,84,73,13,45,20,74,7,91,37,81,98,68,81,27,39,75,43,79,84,62,67,93,83,24,100,79,94,99,59,22,58,91,83,94,17,41
2022-04-01,87,68,57,100,53,95,44,66,59,34,40,87,89,88,32,94,100,73,97,38,71,88,93,77,13,41,19,73,7,93,36,73,100,71,76,31,40,82,44,78,89,61,73,93,82,26,97,75,71,96,54,0,55,86,81,59,12,37
2022-05-01,90,66,51,98,52,80,43,69,62,33,40,88,89,84,33,89,95,72,91,34,69,81,93,82,13,38,20,73,7,90,37,83,100,70,73,28,36,63,43,83,89,62,71,83,90,26,96,75,70,94,51,19,54,93,83,50,24,38
2022-06-01,73,56,47,70,55,69,37,59,59,32,39,88,92,87,33,85,79,69,86,30,100,82,84,68,12,33,20,72,7,86,39,83,90,68,72,24,31,59,43,76,92,64,71,85,81,26,93,77,77,98,47,17,54,86,75,51,12,34
2022-07-01,67,52,41,65,56,66,35,56,55,33,40,88,88,86,36,84,77,72,80,29,69,79,85,71,11,31,19,71,7,93,38,84,82,69,72,23,33,56,42,83,91,67,65,80,79,29,93,75,75,97,50,0,56,91,62,49,15,40
2022-08-01,68,50,40,62,50,66,41,54,53,29,36,88,84,88,33,84,80,70,82,28,71,76,84,66,11,33,20,69,7,89,40,84,84,82,65,22,32,100,41,78,88,61,71,81,77,25,92,79,73,92,52,0,53,93,75,50,10,37
2022-09-01,79,56,46,74,57,83,39,58,55,32,38,93,89,79,29,87,88,70,87,27,73,81,86,68,12,37,20,69,8,87,35,80,91,75,76,24,33,90,39,80,88,59,83,83,85,24,100,78,71,93,54,17,56,92,73,50,16,34
2022-10-01,97,58,52,82,58,83,41,60,50,34,36,93,85,85,28,86,85,74,90,26,73,80,87,70,11,35,20,67,7,86,36,80,94,67,73,24,30,72,39,71,85,58,85,85,80,24,97,74,69,91,59,0,55,90,71,52,16,35
2022-11-01,82,55,48,75,53,80,41,56,49,30,35,86,82,82,26,83,77,67,85,26,68,79,91,68,10,37,20,67,7,86,38,78,86,62,69,23,30,68,36,73,84,56,82,83,80,28,93,76,67,86,68,0,51,86,75,52,16,36
2022-12-01,67,56,48,71,55,79,37,55,47,33,37,85,82,89,30,80,74,68,73,27,66,77,100,65,14,32,23,67,7,92,37,80,89,62,70,22,31,68,38,87,88,56,80,84,87,40,85,71,69,84,79,17,52,85,79,53,21,35
2023-01-01,78,61,47,78,55,80,41,75,54,32,39,92,80,88,31,92,77,74,87,27,71,80,96,70,12,33,23,64,7,95,38,80,94,66,75,23,31,70,38,80,91,59,88,81,79,35,96,73,75,89,100,16,55,87,81,75,25,36
2023-02-01,83,63,48,81,54,87,42,70,51,32,38,94,85,89,30,89,82,74,89,26,75,86,96,72,12,37,22,64,7,95,43,85,99,69,79,26,34,75,39,81,93,60,96,88,81,29,97,85,71,97,78,28,55,91,81,62,20,36
2023-03-01,83,63,50,82,53,86,41,68,48,31,37,96,80,92,30,90,85,72,93,27,74,87,89,69,11,39,21,65,7,96,43,80,95,66,73,25,33,78,38,78,91,56,97,88,76,26,91,84,69,100,79,28,53,90,78,65,26,32
2023-04-01,80,56,49,82,51,80,38,64,49,32,39,94,82,87,28,88,83,71,89,26,73,79,90,67,11,35,21,61,7,92,44,81,95,65,68,24,33,69,34,76,85,57,86,87,76,26,92,76,73,96,75,0,53,90,75,65,23,41
2023-05-01,87,54,49,82,52,79,41,64,56,30,35,97,85,86,30,84,76,70,84,26,74,80,92,68,10,35,23,62,7,89,48,77,93,65,72,25,32,61,36,74,88,58,93,84,79,27,94,78,70,98,67,16,50,100,77,65,100,31
2023-06-01,80,49,38,66,50,64,35,58,53,32,36,86,86,91,28,79,69,70,73,26,70,86,95,68,11,33,21,63,7,93,41,81,87,80,76,22,31,61,38,81,90,57,90,77,81,28,93,74,73,92,65,0,50,93,69,65,20,31
2023-07-01,66,45,41,63,53,61,33,56,50,30,37,88,82,89,30,80,65,71,72,26,76,81,94,63,12,31,23,62,6,93,39,82,82,63,72,21,29,59,49,80,93,56,86,71,80,26,89,71,73,92,68,24,55,96,70,84,16,30
2023-08-01,70,47,40,57,58,61,37,55,48,26,39,85,79,93,30,83,71,73,75,26,76,83,91,64,11,32,21,56,6,93,34,82,81,64,71,21,29,56,44,81,92,55,86,71,77,25,93,74,68,93,64,24,53,92,70,81,18,28
2023-09-01,79,52,43,72,61,77,40,57,52,29,40,82,81,89,29,81,77,75,85,26,76,84,95,67,12,36,20,60,7,100,34,83,92,61,72,23,31,64,39,86,94,54,98,72,78,27,97,80,71,96,74,24,51,94,77,71,23,30
2023-10-01,100,52,46,74,61,79,41,59,59,29,39,85,81,92,28,87,78,75,89,25,78,83,90,69,12,37,19,57,7,90,39,79,91,60,73,23,33,61,36,80,93,54,100,73,78,27,95,78,68,88,79,23,51,90,67,68,20,31
2023-11-01,80,53,46,70,57,76,39,56,53,28,37,82,81,87,26,82,77,70,81,24,77,80,84,67,11,35,20,59,6,89,35,75,85,59,68,22,30,57,36,76,87,51,96,74,76,23,93,75,69,85,89,33,51,86,73,66,19,32
2023-12-01,67,48,45,64,56,72,35,52,49,26,39,80,83,92,27,75,67,76,68,26,74,85,90,66,12,32,20,63,7,89,34,81,88,60,71,22,30,60,35,81,100,55,90,70,79,26,90,72,73,88,91,0,53,90,76,83,21,31
2024-01-01,75,57,44,69,58,72,41,53,62,32,41,84,79,91,29,87,69,86,87,27,79,100,93,69,13,34,19,59,7,94,36,85,88,62,70,23,32,61,37,85,95,61,93,76,80,26,97,73,77,93,89,20,55,98,76,84,23,32
