year,state,REPUBLICAN_ratio,DEMOCRAT_ratio,LIBERTARIAN_ratio,OTHER_ratio
1976,ALABAMA,0.42614870862746757,0.5572726888447394,0.0012520607008496428,0.015066153781121867
1976,ALASKA,0.5790457539611893,0.3565313091750692,0.054906371890527134,0.0
1976,ARIZONA,0.5636613577948053,0.39799978188251545,0.010295953112819249,0.02801328631689778
1976,ARKANSAS,0.3490433661005687,0.6496172812966184,0.0,0.001339352602812901
1976,CALIFORNIA,0.4974831395594693,0.47954821836112543,0.0,0.022968642079405212
1976,COLORADO,0.5402777777777777,0.4260994599792869,0.004936011244266903,0.028686750998668444
1976,CONNECTICUT,0.5188144450735923,0.46733700964038793,0.0,0.0064124989631082945
1976,DELAWARE,0.46587620203529084,0.5196908870235357,0.0,0.014432910941173476
1976,DISTRICT OF COLUMBIA,0.16509506604276492,0.8163122667772316,0.0,0.007078125925487177
1976,FLORIDA,0.46642434483758966,0.5192610623078361,0.0,0.01427269648524375
1976,GEORGIA,0.3306170514068258,0.6693829485931742,0.0,0.0
1976,HAWAII,0.48061283689379714,0.5059199934088795,0.013467169697323388,0.0
1976,IDAHO,0.5988026937923104,0.37118545633733413,0.010436098694167752,0.01957575117618763
1976,ILLINOIS,0.5007684353529401,0.48107590268914247,0.0017065280150603162,0.015513582963271415
1976,INDIANA,0.5332274647107094,0.45700385792947273,0.0,0.009768677359817903
1976,IOWA,0.49469437654722925,0.48458496540694423,0.0011365563904719993,0.019186228751124638
1976,KANSAS,0.5248782423043394,0.44936393675385894,0.0,0.02575782094180165
1976,KENTUCKY,0.45568748275702525,0.5275424926872652,0.0006974301327516275,0.01607259442295796
1976,LOUISIANA,0.45988243150253294,0.5177499622274604,0.002453453662683784,0.01991415260732294
1976,MAINE,0.489307780225605,0.480940766261947,0.0,0.029751453512448033
1976,MARYLAND,0.46964580076563617,0.5303541992343639,0.0,0.0
1976,MASSACHUSETTS,0.40441709276098914,0.5611157822510813,5.299192403077771e-05,0.03386419465229055
1976,MICHIGAN,0.518607510700818,0.46465074118397737,0.0014807248349349188,0.015261023280269693
1976,MINNESOTA,0.4202174333348206,0.5489630145887213,0.0018098076290904653,0.02883435362584625
1976,MISSISSIPPI,0.4774216218326631,0.4962701232447065,0.003395411184424576,0.02291284373820586
1976,MISSOURI,0.47473536036036035,0.5110498566748567,0.0,0.012299856674856675
1976,MONTANA,0.5283998612860246,0.4540418697183741,0.0,0.017558268995601308
1976,NEBRASKA,0.5920388826351588,0.38449671940126806,0.0024326368893891875,0.021031761074183888
1976,NEVADA,0.5016594345043492,0.4580980403812241,0.00752442093166102,0.007415443143315699
1976,NEW HAMPSHIRE,0.5474682519352113,0.43472692100451377,0.0027559646317872255,0.013273385213778644
1976,NEW JERSEY,0.500813409446165,0.4792391503387658,0.003134545618602528,0.016812894596466642
1976,NEW MEXICO,0.5074989798122854,0.4828440433039679,0.0026644902662089826,0.006992486617537627
1976,NEW YORK,0.4237855381207277,0.4865083285569763,0.0,0.06825571640706378
1976,NORTH CAROLINA,0.4421940204040036,0.5526918671248569,0.0013224817123247668,0.0037916307588148563
1976,NORTH DAKOTA,0.5169184818437446,0.4577004318753616,0.0008610599109341154,0.02452002636995977
1976,OHIO,0.48671631565938184,0.4889868666639419,0.002177860558536571,0.022118957118139687
1976,OKLAHOMA,0.4996177618514426,0.48747220190231,0.0,0.012910036246247428
1976,OREGON,0.4778439346096035,0.47618062757069785,0.0,0.04004559772244425
1976,PENNSYLVANIA,0.4773221531310575,0.5039567935072532,0.0,0.01808609658917409
1976,RHODE ISLAND,0.4414419461060343,0.5544200455935935,0.0017414219745533193,0.0023965863258188337
1976,SOUTH CAROLINA,0.43129371043244125,0.5616951766982355,0.0,0.006162602497187207
1976,SOUTH DAKOTA,0.5038779026067753,0.48912125263570994,0.005384497701860462,0.0016163470556542214
1976,TENNESSEE,0.4294176297426213,0.5594074830696869,0.0,0.011019097149313237
1976,TEXAS,0.4797042351894111,0.511389568072175,0.0,0.008173857604980888
1976,UTAH,0.6243473055219892,0.3364817873758818,0.0,0.03917090710212891
1976,VERMONT,0.5458722580504834,0.42304053245750456,0.0,0.025160139639590653
1976,VIRGINIA,0.4929332140706408,0.47958215632133516,0.002738799382945199,0.024745830225078872
1976,WASHINGTON,0.49997749968821,0.46114260440466104,0.0032413306298672995,0.03211437358489111
1976,WEST VIRGINIA,0.4193048135466766,0.5806951864533234,0.0,0.0
1976,WISCONSIN,0.4782609730190698,0.4950336357441171,0.001815035767721107,0.023733948307172202
1976,WYOMING,0.5930358250769142,0.39809265525159426,0.0,0.0
1980,ALABAMA,0.4875012016284021,0.47448859067804633,0.00992451910645049,0.028085688587101105
1980,ALASKA,0.5434819653507527,0.2640790179557575,0.1166272208021711,0.0704029789516867
1980,ARIZONA,0.6060884838290739,0.28244683589928427,0.02149334340261687,0.08997133686902492
1980,ARKANSAS,0.4813427222648051,0.4752263062004675,0.01070939919912319,0.03272157233560416
1980,CALIFORNIA,0.5269750288304541,0.35919436910764124,0.017288951638704603,0.09654165042320006
1980,COLORADO,0.5506893494871037,0.3107003250453797,0.021734982481320445,0.11687534298619613
1980,CONNECTICUT,0.4815595700729226,0.3852220566954778,0.0060940705475774825,0.12652982859093284
1980,DELAWARE,0.47207087937267683,0.4487414498362103,0.008376190233718621,0.07081148055739431
1980,DISTRICT OF COLUMBIA,0.134068284940393,0.7489317898199426,0.006348877732346497,0.10668299892460133
1980,FLORIDA,0.5551916270650328,0.38500219830769633,0.008278981384768399,0.0514498930952525
1980,GEORGIA,0.409673065903476,0.5579610534786652,0.009786417251949987,0.0225794633659088
1980,HAWAII,0.42900618885741887,0.4480211812573569,0.010778569473798745,0.11219406041142548
1980,IDAHO,0.6645596676961624,0.25190715792890767,0.019260180462747266,0.06427299391218272
1980,ILLINOIS,0.49646052894475273,0.41716408184817594,0.008198165744893226,0.07805005809814933
1980,INDIANA,0.5600524167128673,0.3765319243739945,0.008754108436405708,0.054661550476732504
1980,IOWA,0.5130500181761469,0.3860416298273987,0.00995931426975527,0.09055515796551616
1980,KANSAS,0.578500604718334,0.33287575462214036,0.014768395429656203,0.0738552452298695
1980,KENTUCKY,0.4903216743707873,0.4765391582608266,0.0042689755616392685,0.028870191806746853
1980,LOUISIANA,0.5119834740095996,0.45748231779727505,0.005320965961961551,0.025213242231163682
1980,MAINE,0.45605541757247936,0.42250354199051265,0.009787557049469323,0.11149287491085275
1980,MARYLAND,0.44180965091762653,0.4713812953749961,0.009212617234968478,0.07759643647240888
1980,MASSACHUSETTS,0.41901477364119344,0.41749779128319514,0.00873106743420401,0.1538495061586552
1980,MICHIGAN,0.48986181892588354,0.42497413500949555,0.010639367218922047,0.07428016036933545
1980,MINNESOTA,0.4255866224543305,0.4650156244212726,0.015396829109963565,0.09386397883734031
1980,MISSISSIPPI,0.49463302495093914,0.48139164564059433,0.00527277824502383,0.01870255116344267
1980,MISSOURI,0.511557635306578,0.4434571659339068,0.006868194667743582,0.03782936093691661
1980,MONTANA,0.5682452631116192,0.32430650195630195,0.026995318063920516,0.08045291686815843
1980,NEBRASKA,0.6555001852914548,0.2602273846697512,0.014136878003167937,0.07013555203562599
1980,NEVADA,0.6361185430789685,0.2735666332912037,0.01788322965054249,0.07243159397928532
1980,NEW HAMPSHIRE,0.5773718065574625,0.28350738300476575,0.005375139977603583,0.13356858251516965
1980,NEW JERSEY,0.5197315978443948,0.3855799204485422,0.0069402530645055055,0.08774822864255748
1980,NEW MEXICO,0.5496682645204137,0.36784828937591646,0.009567395892924073,0.07291605021074572
1980,NEW YORK,0.4253011024419865,0.4399209991552669,0.0,0.13460633970653468
1980,NORTH CAROLINA,0.49304975178262267,0.47182855353903075,0.00521437004299417,0.029907324635352426
1980,NORTH DAKOTA,0.6432570836488264,0.262985029025359,0.012430425483866683,0.08132746184194796
1980,OHIO,0.5151142624561613,0.40909813537809175,0.011446672345686564,0.06434092982006036
1980,OKLAHOMA,0.6049970949145348,0.3496766135401337,0.012027401740267963,0.03329888980506355
1980,OREGON,0.48331465676300617,0.3866981065004621,0.021868514687909433,0.10666888979920712
1980,PENNSYLVANIA,0.49586134037896734,0.4247593062020594,0.00729211722194076,0.07208723619703251
1980,RHODE ISLAND,0.3721280774676837,0.4768214786269103,0.005909122598667682,0.1451413213067383
1980,SOUTH CAROLINA,0.4945376230779796,0.4820896631384125,0.005411715965406448,0.017960997818201468
1980,SOUTH DAKOTA,0.605252316884496,0.3169180630021696,0.011669102815659301,0.06616051729767503
1980,TENNESSEE,0.48698887745917446,0.4840771851910466,0.004399066280254399,0.024440905629024443
1980,TEXAS,0.5528195126161586,0.414200301389191,0.008288422938342043,0.02457550539056851
1980,UTAH,0.7277754604801441,0.20568664839311962,0.011844701333439267,0.054693189793297056
1980,VERMONT,0.4436401483363729,0.3842118340920492,0.008907683580326209,0.16130408487615974
1980,VIRGINIA,0.5303279900880585,0.40308740686118993,0.006870728904970547,0.05971387414578099
1980,WASHINGTON,0.4965834363525127,0.3731607202504141,0.016766012738795015,0.11348983065827822
1980,WEST VIRGINIA,0.45302860860901567,0.49810834807479853,0.005904719302169537,0.04295832401401625
1980,WISCONSIN,0.47898774470234085,0.4318031550825899,0.012816615718401335,0.07580433226685836
1980,WYOMING,0.6264394809663126,0.27970211586018007,0.025544244056747382,0.06831415911675995
1984,ALABAMA,0.6054249354760621,0.38280781265064545,0.006592158078618976,0.0051750937946734195
1984,ALASKA,0.666539823221984,0.29867777751017555,0.030721803424773007,0.0
1984,ARIZONA,0.6642148285841561,0.32542643169830887,0.010317799935081202,0.0
1984,ARKANSAS,0.6046702532547269,0.38290785001458605,0.002511290063613318,0.009910606667073722
1984,CALIFORNIA,0.5751694285169312,0.41267775699231596,0.005255211418867104,0.0068976030718857495
1984,COLORADO,0.6344215596967685,0.3512289830011271,0.008690114097793697,0.005641587796631104
1984,CONNECTICUT,0.6073195173495126,0.3882998159383734,0.0,0.004226600313586475
1984,DELAWARE,0.5978269409047342,0.3993212136448627,0.0010527473563471238,0.0017990980940559057
1984,DISTRICT OF COLUMBIA,0.137296013024876,0.853848775131574,0.0013204725303850669,0.0037058422626935748
1984,FLORIDA,0.653185810412361,0.3466024696827862,0.0,0.0
1984,GEORGIA,0.6017229856601785,0.3978530524412154,0.0,0.0
1984,HAWAII,0.5509965877217534,0.43815915627996166,0.006452362094531422,0.004391893903753506
1984,IDAHO,0.723646702858366,0.2639221294728854,0.006866207460159944,0.005564960208588718
1984,ILLINOIS,0.5617459154097206,0.43296553206747834,0.0020929271264604424,0.003016753377402529
1984,INDIANA,0.6167431458678617,0.3768271378985602,0.003018715498714997,0.0034110007348630966
1984,IOWA,0.5327211216808544,0.4588708180375131,0.001397176097984172,0.006214554422812461
1984,KANSAS,0.66272207876586,0.32598036577621525,0.003257367237089172,0.008040188220835603
1984,KENTUCKY,0.6000693762346231,0.39401246581394755,0.0,0.005918157951429333
1984,LOUISIANA,0.6077370692433072,0.38175392630280136,0.001099118713023385,0.009409885740868117
1984,MAINE,0.6083406852465181,0.3878104074165136,0.0,0.003700663841603633
1984,MARYLAND,0.5250505259050059,0.4701639086016661,0.0034137431655023977,0.0013718223278255573
1984,MASSACHUSETTS,0.5122078250890938,0.4843378267340214,0.0,0.0031249719170596975
1984,MICHIGAN,0.5922602717025045,0.4023607594370667,0.0026448986205492445,0.0025757182787089212
1984,MINNESOTA,0.49538415187898577,0.49718846563288427,0.0014373102915926463,0.005643217943926668
1984,MISSISSIPPI,0.6188232118873154,0.3742328159268264,0.002482191128716911,0.004461781057141401
1984,MISSOURI,0.6002475066787704,0.39975249332122964,0.0,0.0
1984,MONTANA,0.6047448208399566,0.381765818454278,0.013489360705765433,0.0
1984,NEBRASKA,0.7055069085555675,0.28809826864389887,0.003188210216381174,0.003206612584152494
1984,NEVADA,0.6676995016217631,0.32419345140193195,0.008107046976304927,0.0
1984,NEW HAMPSHIRE,0.6866733178367926,0.30945168987719335,0.0018899265628535577,0.0019850657231604714
1984,NEW JERSEY,0.6009051973018109,0.3919754793710855,0.001993870464302074,0.005125452862801451
1984,NEW MEXICO,0.5970429846219647,0.392264323347007,0.008668857048428175,0.0020218908567762504
1984,NEW YORK,0.49605013214707033,0.4409238688901262,0.0017554478529590218,0.06114758602047067
1984,NORTH CAROLINA,0.6189689895148437,0.37891963678672186,0.0017440783391814048,0.0003672953592530159
1984,NORTH DAKOTA,0.6483974224118121,0.33798964951403204,0.0022752944451097353,0.011337633629046091
1984,OHIO,0.5869868634861014,0.40003199484576185,0.001289874398316107,0.011691267269820642
1984,OKLAHOMA,0.6861085184394701,0.30667146620625063,0.007220015354279289,0.0
1984,OREGON,0.559058218856984,0.43739681230009614,0.0,0.0
1984,PENNSYLVANIA,0.5334106792230928,0.45989176666694875,0.0014411021232004027,0.005256451986758043
1984,RHODE ISLAND,0.5166520905554107,0.4801736465532572,0.000674804927781256,0.0024994579635507896
1984,SOUTH CAROLINA,0.6355400819180427,0.3556517151267541,0.004500639629789092,0.0043075633254141075
1984,SOUTH DAKOTA,0.6300339450147389,0.365287997810405,0.0,0.004678057174856151
1984,TENNESSEE,0.5783972247550078,0.4157224941924412,0.0017943998602798026,0.0040116986459640906
1984,TEXAS,0.636106129961051,0.36113948292667203,0.0,0.002707328907762399
1984,UTAH,0.7450179145438144,0.246752194849251,0.00388624899945367,0.00434364160748091
1984,VERMONT,0.579230988953833,0.408124112704158,0.004271809891669971,0.005337630722924954
1984,VIRGINIA,0.622871610683698,0.3709293848278818,0.0,0.006199004488420249
1984,WASHINGTON,0.5609175907110208,0.42580817212559535,0.004717026417268029,0.008557210746115814
1984,WEST VIRGINIA,0.551121181066189,0.44597834567008543,0.0,0.0029004732637255993
1984,WISCONSIN,0.5419315283477921,0.4502170060980545,0.002207814932388776,0.005324437567849729
1984,WYOMING,0.7050982176876508,0.28242877100884806,0.012473011303501123,0.0
1988,ALABAMA,0.5916504893810266,0.39863298309147205,0.006137212399780627,0.003212243085842626
1988,ALASKA,0.595909372563913,0.362709628415519,0.02740410561874113,0.009194667093086011
1988,ARIZONA,0.5995026764845679,0.387438741228785,0.011392872777169539,0.0014182424204670643
1988,ARKANSAS,0.563678361993771,0.4219173216645847,0.0039831444249267284,0.010421171916717608
1988,CALIFORNIA,0.5112656789451673,0.4755944256460335,0.007090577436276589,0.005967291607772377
1988,COLORADO,0.5305888833673129,0.45282404324122666,0.011281016967430635,0.005204773556281943
1988,CONNECTICUT,0.5197756122029051,0.4687451936200372,0.009748550984693021,0.0017257935116814951
1988,DELAWARE,0.5587996366415757,0.4347775630174756,0.004650027411951611,0.0017727729289970426
1988,DISTRICT OF COLUMBIA,0.1430445309705149,0.8264697190437429,0.0028722968523981606,0.019561689574184585
1988,FLORIDA,0.6087155908926198,0.3850721693191546,0.004601245887967705,0.0015468423613065809
1988,GEORGIA,0.5975287234371753,0.394984284444916,0.004661065651676105,0.0028176376713570195
1988,HAWAII,0.44751044543687457,0.5426944007944456,0.005639548497578013,0.004155605271101757
1988,IDAHO,0.6207845112576045,0.36010641419377554,0.012991236478159661,0.00611783807046028
1988,ILLINOIS,0.5068826878871361,0.4860455526505115,0.003277825545280668,0.0037939339170717156
1988,INDIANA,0.5984277566250626,0.39686187674102574,0.0,0.0047103666339115965
1988,IOWA,0.4449647278833303,0.5471192398259158,0.0020348984264213694,0.004565058819497819
1988,KANSAS,0.5579299608073761,0.4255964488985382,0.0,0.01647359029408566
1988,KENTUCKY,0.5552147911898297,0.4388359469103233,0.0016014917010518579,0.0043477701987951764
1988,LOUISIANA,0.5427471529945301,0.4406455710040892,0.0025273276902988695,0.014079948311081794
1988,MAINE,0.5533542929725153,0.4388353887592674,0.004864558090931202,0.002945760177286117
1988,MARYLAND,0.511075866300971,0.48199034274054775,0.003936167358276393,0.0029836241905133
1988,MASSACHUSETTS,0.4537505873022686,0.5322905149306765,0.009211102548198668,0.004747795218856267
1988,MICHIGAN,0.5356769377648254,0.4567207834593339,0.004997325003004772,0.0026049537728359304
1988,MINNESOTA,0.4589572632452463,0.5291283342633263,0.0024365816319230826,0.007754233852698649
1988,MISSISSIPPI,0.5988983679485405,0.39067144591622144,0.0035737021041794817,0.006856484031058681
1988,MISSOURI,0.5183157305367595,0.4785044916272857,0.0,0.0031797778359548027
1988,MONTANA,0.5207151725307241,0.46198526556440983,0.013801910991757685,0.003497650913108397
1988,NEBRASKA,0.6016282040621953,0.39191038074576884,0.0038308905233081117,0.002630524668727748
1988,NEVADA,0.6004668743606706,0.38684125397440644,0.010258412918605905,0.002433458746317026
1988,NEW HAMPSHIRE,0.624908717607236,0.36334498640475,0.009992786193884912,0.0017535097941290716
1988,NEW JERSEY,0.5624010946094485,0.4259814237730408,0.00271684336418832,0.008900638253322334
1988,NEW MEXICO,0.5185035300074609,0.4689357425482415,0.0064596930878598816,0.005922663971291957
1988,NEW YORK,0.4376430362075976,0.5019497561012464,0.0018670354379022225,0.05854017225325382
1988,NORTH CAROLINA,0.5796829977932598,0.41706311464272827,0.0,0.002662143864465861
1988,NORTH DAKOTA,0.5603123181312045,0.429720010361265,0.0044237219144119145,0.005543949593118506
1988,OHIO,0.5500175824525985,0.4414684136075665,0.002714412034818946,0.005719930307482386
1988,OKLAHOMA,0.5792879125833877,0.41281651460757823,0.005346547843106446,0.002549024965927606
1988,OREGON,0.4661136695365043,0.5127811239799815,0.012325101065662307,0.008780105417851798
1988,PENNSYLVANIA,0.5070457961872039,0.48386740504438575,0.0026565990285810906,0.006430199739829212
1988,RHODE ISLAND,0.43932608706397575,0.5563785459021012,0.002038940047748269,0.0021254405346224376
1988,SOUTH CAROLINA,0.6150481385058352,0.37581198548897626,0.005005025309099613,0.0041348506960889805
1988,SOUTH DAKOTA,0.5284976245323348,0.4650612956922084,0.0,0.006441079775456803
1988,TENNESSEE,0.5789048128342246,0.4154585179526356,0.0,0.0054624904507257445
1988,TEXAS,0.559535579585843,0.433493692203095,0.005592907114074669,0.0013280736115384687
1988,UTAH,0.6621896483505614,0.320464352836441,0.011550089025174341,0.0057959097878233345
1988,VERMONT,0.510960514203051,0.47579809968437664,0.004109679116254603,0.004471330878485008
1988,VIRGINIA,0.5973519911626572,0.3923140487194568,0.003803598178324692,0.0065303619395613
1988,WASHINGTON,0.48456429235068915,0.5004768790078343,0.009242713991077886,0.005716114650398632
1988,WEST VIRGINIA,0.47460550947404834,0.5219811085378939,0.0,0.003413381988057755
1988,WISCONSIN,0.47795910582549433,0.5141403024628491,0.0,0.00686345368332293
1988,WYOMING,0.6053038498790718,0.3801337857049804,0.011475437692224909,0.0030869267237228905
1992,ALABAMA,0.4764540359939813,0.4088006350485172,0.0033985758800042652,0.11091845076596804
1992,ALASKA,0.3945749808515083,0.3028711132430195,0.005330630623660573,0.29581131579150965
1992,ARIZONA,0.38473141781132836,0.3652045259671481,0.004545469829687789,0.24551320634173407
1992,ARKANSAS,0.3548339930552999,0.5320795284925204,0.0,0.11308647845217971
1992,CALIFORNIA,0.32614669375921296,0.46006587840280944,0.004324488549434539,0.2090704572994598
1992,COLORADO,0.35869052626212417,0.40128028651907366,0.005524541480263577,0.2345046457385386
1992,CONNECTICUT,0.35783241221763246,0.42218572959541034,0.0033356928415326243,0.21664616534542458
1992,DELAWARE,0.35326634900904635,0.43523927905531384,0.003228368206615565,0.20826600372902423
1992,DISTRICT OF COLUMBIA,0.09095143515019423,0.8464090485648498,0.002052097797620094,0.05761693002654105
1992,FLORIDA,0.4090249693604387,0.3899012156452978,0.002837923495951362,0.1981910990192329
1992,GEORGIA,0.4287785318635339,0.4346868533599755,0.0030631592416289805,0.13340769357033827
1992,HAWAII,0.3669704593366627,0.48092757790163126,0.003001271315999807,0.14910069144570623
1992,IDAHO,0.4203258980241188,0.2841921205358069,0.002420589321197891,0.2930613921188765
1992,ILLINOIS,0.3433746713220995,0.48579677819917283,0.0018252897880204517,0.1689989043904972
1992,INDIANA,0.42906780127769506,0.3679390564346401,0.003441649597917663,0.1988476371835198
1992,IOWA,0.37272138708865377,0.43285838623305506,0.0007943263249045664,0.19178477595346843
1992,KANSAS,0.38881524598266903,0.3373849413602757,0.003727848079389165,0.2699172856703386
1992,KENTUCKY,0.4134088016611963,0.4455114207247639,0.0030229754169736754,0.13802531984727712
1992,LOUISIANA,0.40970895807134794,0.4558453914124838,0.0017625530930711832,0.13268309742309708
1992,MAINE,0.30390626034769735,0.3876679730212995,0.002473881492099326,0.3058179629403428
1992,MARYLAND,0.3562940269477673,0.4981260518598394,0.0023758175533362224,0.1432041036390571
1992,MASSACHUSETTS,0.2902438795758967,0.47541410927927824,0.0032523766397083423,0.23037217197180337
1992,MICHIGAN,0.36375647915056897,0.43773687484399393,0.0023802990310603876,0.19591252944962106
1992,MINNESOTA,0.3185083315303405,0.4348465127847806,0.001436999456546738,0.24414382260595208
1992,MISSISSIPPI,0.4968389467026145,0.40768064143867394,0.002193945159519369,0.09328646669919219
1992,MISSOURI,0.3392168178415654,0.4407168575694087,0.0031351541231228594,0.21693117046590304
1992,MONTANA,0.3512249654759208,0.3763112452293446,0.002401463285133578,0.270062326009601
1992,NEBRASKA,0.4659750035929962,0.29403454157435605,0.0018168358312566266,0.2381736190013911
1992,NEVADA,0.34726792253089955,0.3735754999822246,0.0036242045512899007,0.2705216879510505
1992,NEW HAMPSHIRE,0.37691427082266876,0.38911795091350765,0.006604432117494858,0.22736334614632878
1992,NEW JERSEY,0.40581033462794824,0.42953959123027496,0.0020403194885503444,0.16260975465322644
1992,NEW MEXICO,0.37338460944654783,0.45898846638338486,0.002833402925685894,0.16479352124438146
1992,NEW YORK,0.2883974307543317,0.4727630691275797,0.0019000111873381932,0.21533450706214846
1992,NORTH CAROLINA,0.43442808737102057,0.42653368302161304,0.0019798227310144152,0.13705840687635204
1992,NORTH DAKOTA,0.442159716745691,0.32183505174713517,0.0,0.2306925905372031
1992,OHIO,0.383466124368847,0.4018128056321024,0.0,0.2147125679179638
1992,OKLAHOMA,0.4264574832830945,0.3402473749585539,0.003226504809189569,0.23006863694916205
1992,OREGON,0.32527212723815724,0.42478855058958337,0.0029241585267218316,0.2441614255836865
1992,PENNSYLVANIA,0.3612721051814485,0.45146164873251193,0.00433020619741482,0.18293603988862478
1992,RHODE ISLAND,0.29027604689378317,0.4704796356136888,0.0012594708457865076,0.2379848466467416
1992,SOUTH CAROLINA,0.46993356725298474,0.4276254117463252,0.0022125262020388768,0.10022849479865117
1992,SOUTH DAKOTA,0.4065914457523182,0.37140970813730095,0.0024207890463756564,0.21957805706400518
1992,TENNESSEE,0.42433364033171966,0.47084793088803906,0.0,0.1047372238401564
1992,TEXAS,0.40560021111410466,0.37078458334051023,0.003200998112127719,0.22014576492951435
1992,UTAH,0.4336463270062554,0.24654501759413333,0.0025537703058341557,0.3172548850937771
1992,VERMONT,0.30418258825478683,0.46113751764750555,0.0017293692462228298,0.23126602945795835
1992,VIRGINIA,0.4495736635394308,0.4058607440265809,0.002239043049412515,0.14214523769610676
1992,WASHINGTON,0.31965605348919046,0.43410220037463415,0.003293021181911771,0.24294872495426356
1992,WEST VIRGINIA,0.35393029164356854,0.4841482161898089,0.0027395977925248325,0.15918189437409772
1992,WISCONSIN,0.36777220963199664,0.4113155574098482,0.0011366761172376518,0.2193958746203178
1992,WYOMING,0.3969652398391067,0.34099777871165277,0.00422244902043185,0.2578145324288087
1996,ALABAMA,0.5012184320516389,0.4315608769582409,0.0034477162627277107,0.06304106823154315
1996,ALASKA,0.5080125817399221,0.33267113649532326,0.009419750020693651,0.1472725767734459
1996,ARIZONA,0.4429441649666585,0.4651706594607681,0.010223546626507311,0.0798003424937963
1996,ARKANSAS,0.36800857664357395,0.5373644915194817,0.0034786070191866214,0.09114832481775764
1996,CALIFORNIA,0.3820942008004616,0.5109886561852729,0.007345698659280247,0.09948631010286074
1996,COLORADO,0.457964575409313,0.44426498409348764,0.008202809025208148,0.08956763147199116
1996,CONNECTICUT,0.34690804487101234,0.5283158147196567,0.004156212705028098,0.12061633733396333
1996,DELAWARE,0.3657988995975038,0.518278497839814,0.007577268195413759,0.10834533436726856
1996,DISTRICT OF COLUMBIA,0.09335795742114728,0.8519001109160806,0.003165954147507619,0.048086966822092764
1996,FLORIDA,0.42324548749668595,0.4802557119781926,0.004398514544363599,0.09124192885969368
1996,GEORGIA,0.4701568011469838,0.4584146584952188,0.0077732862557250235,0.06365525410207235
1996,HAWAII,0.3164028657114295,0.5692880151060757,0.006922692435854715,0.10738642674664
1996,IDAHO,0.521841081448249,0.3364638985094903,0.006762102129096156,0.13493291791316442
1996,ILLINOIS,0.3680995298269166,0.5431527783028726,0.005229866648605984,0.08317965130047357
1996,INDIANA,0.4714238015651173,0.41557137645749265,0.0073203020842162545,0.1050368754598018
1996,IOWA,0.3992010210076373,0.5026096469015254,0.0018758989526568483,0.09530863197131455
1996,KANSAS,0.542907009215303,0.3608479940426324,0.004241831890533371,0.0910481243600484
1996,KENTUCKY,0.4488222146052302,0.4584217848532593,0.0028868559841233724,0.08935859806381183
1996,LOUISIANA,0.3994407943231879,0.5200999574541791,0.004203571943077167,0.07625567627955576
1996,MAINE,0.3076067384390416,0.5162395588689167,0.004944734831167674,0.17097130370343475
1996,MARYLAND,0.38269497492798465,0.5425477435186173,0.004921751728087957,0.06835479288213066
1996,MASSACHUSETTS,0.2808799202334166,0.614720987115381,0.007989175652729028,0.09218415002939613
1996,MICHIGAN,0.3848459433533809,0.5169482057469723,0.007189171605812031,0.0898012494141098
1996,MINNESOTA,0.3495542971194422,0.5110075658200806,0.0037724196941197503,0.13434165324206426
1996,MISSISSIPPI,0.4920675231049262,0.4408110022072882,0.0031425608346748977,0.06397891385311073
1996,MISSOURI,0.41241389856190613,0.4753957827961623,0.0048756640787001315,0.1073146545632314
1996,MONTANA,0.44131540742305625,0.41250064483164367,0.006205122788227462,0.13997882495707265
1996,NEBRASKA,0.5365499730593506,0.34950658016134867,0.004121550305204343,0.10982189647409638
1996,NEVADA,0.4291471292046377,0.43933496884416484,0.009606292767926182,0.10983266527239008
1996,NEW HAMPSHIRE,0.395664895277257,0.4957057734944029,0.00848575404200992,0.10014357718633016
1996,NEW JERSEY,0.3586310820388444,0.5372029286118354,0.0,0.10416598934932018
1996,NEW MEXICO,0.4185611986893831,0.4918320223567367,0.0053877721310473066,0.08421900682283293
1996,NEW YORK,0.27002207907311687,0.5667893903041855,0.0018977721986933327,0.14218879603126447
1996,NORTH CAROLINA,0.4872941366328975,0.4403553213740164,0.003474034375450899,0.06790266502955115
1996,NORTH DAKOTA,0.46938752528987165,0.4012784757386144,0.003179298152103329,0.1261547008194106
1996,OHIO,0.4101687222705193,0.4737574744720069,0.0028340913110655045,0.11323640392604678
1996,OKLAHOMA,0.48256296236139,0.40449137450247075,0.004561979526200514,0.10838368360993873
1996,OREGON,0.3905992335384973,0.4715197131575891,0.0064619382185576585,0.1297286900476135
1996,PENNSYLVANIA,0.40014355830428805,0.492261247677619,0.006220415537087339,0.10137477848100562
1996,RHODE ISLAND,0.26824805828103737,0.5971858848370392,0.0028417899432923253,0.13172426693863118
1996,SOUTH CAROLINA,0.498476762807973,0.44006252923450373,0.0037133253693763246,0.05774738258814692
1996,SOUTH DAKOTA,0.46488855125900946,0.43027119502448846,0.004545651059519619,0.10029460265698245
1996,TENNESSEE,0.4559039757563599,0.4799871179264085,0.0,0.06400859508844546
1996,TEXAS,0.48758741645050896,0.43831771937065145,0.0036096373896847343,0.06957515480312008
1996,UTAH,0.54371278895601,0.3329677643251721,0.006203155211086055,0.11687741970376891
1996,VERMONT,0.31090079667555304,0.5335443356329489,0.004577305387136341,0.14881079052346885
1996,VIRGINIA,0.471046187230049,0.45147771163457395,0.0037961766782171292,0.07367992445715997
1996,WASHINGTON,0.3730136651408243,0.49840472048333573,0.005555858742224926,0.12302575563361504
1996,WEST VIRGINIA,0.3675743449303097,0.515055958042859,0.004810993324000447,0.11255870370283082
1996,WISCONSIN,0.3847741225743556,0.48810952162606797,0.003610377889861846,0.12244777155127862
1996,WYOMING,0.4981211980848037,0.3683586124752447,0.008219462969877724,0.12530072647007387
2000,ALABAMA,0.5648375535326765,0.4156650294789806,0.0035366374757542585,0.015541280175145474
2000,ALASKA,0.5862095531587057,0.27666339823504693,0.009230984731755147,0.12415604426390252
2000,ARIZONA,0.5102113816043696,0.4473458501738885,0.0037695428768367953,0.03860142452820336
2000,ARKANSAS,0.5130719769663293,0.4586425626043496,0.0030169855963618256,0.025268474832959235
2000,CALIFORNIA,0.41651496805255456,0.5344973682775446,0.004151079599869485,0.04483658407003141
2000,COLORADO,0.507502147736722,0.4239350901130605,0.007349968530488673,0.06121279361972886
2000,CONNECTICUT,0.384436032270773,0.5590962813244035,0.0023870779877014784,0.05404361007862147
2000,DELAWARE,0.4191628832866708,0.5497772716309091,0.0023631495226376902,0.02869669555978249
2000,DISTRICT OF COLUMBIA,0.08951727143946824,0.8515508137933767,0.0033136200184255104,0.05294857697603693
2000,FLORIDA,0.4884682657204043,0.48837821204036147,0.002752758208384551,0.02039405612172172
2000,GEORGIA,0.5495956965137921,0.4321099965624139,0.014064682363944366,0.004229624559849613
2000,HAWAII,0.3746286869719066,0.5579166791230354,0.004014121445518561,0.06344051245953945
2000,IDAHO,0.6717043948047806,0.27638128843834414,0.006953540065588151,0.020455927354644497
2000,ILLINOIS,0.42584879973210227,0.545965212095549,0.0024510196731074027,0.025725268171876304
2000,INDIANA,0.566468816015263,0.4101210293083897,0.007061331276923315,0.007711082879931905
2000,IOWA,0.4688563822317745,0.4719191557860848,0.002371727880256197,0.055989481324028735
2000,KANSAS,0.580416632469577,0.3723839226424526,0.004220231744350019,0.04297921314362032
2000,KENTUCKY,0.565064833631888,0.4137818258591055,0.0018683950454178664,0.019233135548984332
2000,LOUISIANA,0.5255106317425365,0.44875332454339917,0.001671333487383726,0.024064710226680622
2000,MAINE,0.43971850994987854,0.4908601647394898,0.0047160476023178285,0.06466385503906771
2000,MARYLAND,0.40184780655062285,0.5648830838450493,0.0026219477269540177,0.029100163340924308
2000,MASSACHUSETTS,0.32132902993601964,0.5912612602067913,0.005986179774130164,0.06861721661294735
2000,MICHIGAN,0.46146214732140645,0.5127979887069135,0.003948256598167372,0.021354277293732474
2000,MINNESOTA,0.4550235065209324,0.479055720603522,0.002165921387961135,0.06374336988992017
2000,MISSISSIPPI,0.5761951509982056,0.40698100150475164,0.002020752697689764,0.014803094799353036
2000,MISSOURI,0.5042281595937441,0.47084273348102373,0.003150991655550339,0.02177811526968183
2000,MONTANA,0.584394602249225,0.3336512679264014,0.004180191052736589,0.07777393877163698
2000,NEBRASKA,0.6224536203460738,0.33253039013283714,0.003220859115748638,0.041795130405340455
2000,NEVADA,0.49485089247915254,0.4594126276200884,0.0054329811987017295,0.034115708880159364
2000,NEW HAMPSHIRE,0.4807030985044308,0.46803179160787306,0.004844653045875719,0.04417824527615576
2000,NEW JERSEY,0.40291243859079967,0.5612560891508792,0.0,0.03583147225832119
2000,NEW MEXICO,0.47847411899332615,0.47908554054844177,0.003437993334502719,0.03900234712372933
2000,NEW YORK,0.32449816564574513,0.566392704823055,0.0010989603051055176,0.08815187461881566
2000,NORTH CAROLINA,0.559577562873286,0.43145671168683253,0.004765367977248636,0.004200357462632805
2000,NORTH DAKOTA,0.6065858126110124,0.3305533969804618,0.0,0.06286079040852575
2000,OHIO,0.4998647383516539,0.46440428090356484,0.0028653776543503423,0.0013145475604200596
2000,OKLAHOMA,0.603078521084823,0.38426904569573395,0.005349088378250714,0.007303344841192356
2000,OREGON,0.46518921737996677,0.46959940024120733,0.004854786661885981,0.05813944391929333
2000,PENNSYLVANIA,0.4643813292862545,0.5060817131276611,0.0022898160390946187,0.027247141546989782
2000,RHODE ISLAND,0.31911799213907194,0.6098770018967911,0.0018136842722775181,0.0683871409296232
2000,SOUTH CAROLINA,0.5686038462261056,0.40901523373764903,0.0034395499103260204,0.01894137012591932
2000,SOUTH DAKOTA,0.6029677268401266,0.37564225390411327,0.005255020251747721,0.016134999004012406
2000,TENNESSEE,0.5114915318076796,0.4728489471775341,0.0,0.015453373284891828
2000,TEXAS,0.5929859946810345,0.37981958091571044,0.0036144369601461505,0.023470118547601868
2000,UTAH,0.6683014295092857,0.26344722181136915,0.004691509872151166,0.0635585413763665
2000,VERMONT,0.4069716079753184,0.5063470921619528,0.002663875939491961,0.0822709542384169
2000,VIRGINIA,0.5247372918694905,0.4443561054475593,0.005547835019257537,0.02433410830726055
2000,WASHINGTON,0.44578647947502503,0.5015821531675426,0.005280544239784549,0.04735082311764779
2000,WEST VIRGINIA,0.5191521992705099,0.4559266436669526,0.0029500527676802587,0.021934074343798408
2000,WISCONSIN,0.4761316351414431,0.47832819660687437,0.0025552151595066128,0.04225533141409994
2000,WYOMING,0.6922274313841086,0.282983820405566,0.006751635271328711,0.01803711293899666
2004,ALABAMA,0.6246068975770077,0.36844402322377173,0.0,0.006472285715044215
2004,ALASKA,0.6106532991253942,0.35516861912104364,0.0053583196309637295,0.026292554654860235
2004,ARIZONA,0.5486943408601376,0.44396832928795554,0.005890931314702236,0.0
2004,ARKANSAS,0.5430595907843537,0.44547630445189085,0.0022295001161197975,0.009234604647635657
2004,CALIFORNIA,0.44357695977241773,0.5430555753467436,0.004038609964631067,0.007649971786487349
2004,COLORADO,0.5171109535459211,0.47037842254288303,0.003598747200217878,0.008911876710977963
2004,CONNECTICUT,0.4394727791082799,0.543137089719902,0.0021326742544349425,0.015249856058739434
2004,DELAWARE,0.4575281857192356,0.5334683760228152,0.0015618753165063035,0.007441562941443002
2004,DISTRICT OF COLUMBIA,0.09339766066454,0.8918386895503239,0.0022057595809935587,0.010334554849595319
2004,FLORIDA,0.5209751623233695,0.4709111002771423,0.0015763862698280247,0.006537351129660268
2004,GEORGIA,0.5797475676698846,0.41374946053378764,0.005568654173764906,0.0
2004,HAWAII,0.45264595711551864,0.5400955215809311,0.0032096929463675925,0.00404882835718265
2004,IDAHO,0.6839094482399026,0.3026491704212736,0.006424054440686124,0.007017326898137626
2004,ILLINOIS,0.4447862682634849,0.5482316020902781,0.006150932764438728,0.0
2004,INDIANA,0.5994476503665718,0.39262974665336575,0.007316849824270807,0.0
2004,IOWA,0.4990065750530225,0.4923313168421695,0.001985522672916993,0.0018700544426069805
2004,KANSAS,0.620039806155473,0.3662309430556444,0.0033786400573855234,0.010311040314677425
2004,KENTUCKY,0.5954951383220055,0.39687072981409693,0.0014583363494928953,0.006163545266337098
2004,LOUISIANA,0.5672202134108999,0.4221586470321228,0.0014312137371816052,0.009189925819795726
2004,MAINE,0.44576457437846945,0.5357285569259347,0.002652709678812882,0.015848759098861697
2004,MARYLAND,0.4297821777859425,0.5597146761355201,0.002555952887253705,0.007929996921448279
2004,MASSACHUSETTS,0.3658840187124994,0.616166602048537,0.00513141961191547,0.0036287492036598343
2004,MICHIGAN,0.4781205855781017,0.5123070672905647,0.002180502275971576,0.007391844855361944
2004,MINNESOTA,0.47613533791521456,0.5108968468600654,0.0016401574466294747,0.010432447893445981
2004,MISSISSIPPI,0.5901437414899142,0.40161112592821346,0.001573049874366569,0.00667208270750572
2004,MISSOURI,0.5329619193926551,0.46100446516831883,0.0035993005692393984,0.001960558900241784
2004,MONTANA,0.5906814316858852,0.3856502839483698,0.003847400507066518,0.01982088385867852
2004,NEBRASKA,0.6589864119889075,0.3268216082016382,0.0026227662795270026,0.010372841454356671
2004,NEVADA,0.504696915453111,0.4787804051895702,0.003828411004511884,0.008248682778298117
2004,NEW HAMPSHIRE,0.4883434298460681,0.5020161082255741,0.0,0.006603399445957242
2004,NEW JERSEY,0.4623881168128724,0.5292340900702746,0.0,0.00837779311685302
2004,NEW MEXICO,0.498384247604138,0.490466796420487,0.0031495271742579705,0.00799942880111701
2004,NEW YORK,0.376865299923499,0.5613058126549186,0.0015583492855921095,0.05254605568598114
2004,NORTH CAROLINA,0.5601719733779452,0.435831462205017,0.0033507502270061157,0.0
2004,NORTH DAKOTA,0.6286133496146507,0.3549881246543683,0.002720301246991206,0.013649455140602174
2004,OHIO,0.508140243355296,0.48706685243153625,0.0,0.0
2004,OKLAHOMA,0.6557040166475606,0.3442959833524394,0.0,0.0
2004,OREGON,0.47192916742433233,0.5134866304221187,0.003952564866162669,0.005755718424941011
2004,PENNSYLVANIA,0.484236661530542,0.5092380914415062,0.0036718380335517774,0.0021902769520884503
2004,RHODE ISLAND,0.3867143713369356,0.5942342622628302,0.0020748786413319485,0.0169764877589023
2004,SOUTH CAROLINA,0.5798194968164678,0.40901835939914694,0.0022303270074797554,0.008931816776905483
2004,SOUTH DAKOTA,0.5991113171824891,0.38443645917854796,0.002483160104581224,0.013969063534381721
2004,TENNESSEE,0.5679908949136325,0.4252529110879618,0.0,0.00674019281021483
2004,TEXAS,0.6108582276906154,0.3822426046274135,0.005233883916457027,0.0
2004,UTAH,0.7153594785330293,0.25995641508701894,0.0036374649186716734,0.021000297463797793
2004,VERMONT,0.38801315363950445,0.5893746257712714,0.003528556653826819,0.016019391051810866
2004,VIRGINIA,0.5373195656902156,0.4552591760381672,0.0034524467087999524,0.0031798686555580416
2004,WASHINGTON,0.45640281992414355,0.5282114831183694,0.004181409150623067,0.011204287806864019
2004,WEST VIRGINIA,0.5607071786946674,0.43205141097021404,0.0018589770730571373,0.005375817685289074
2004,WISCONSIN,0.49319871458425024,0.49699717084411216,0.00215681845254282,0.0066509687831893625
2004,WYOMING,0.6873956885274808,0.2902309102316484,0.00480191584550215,0.013827549300626176
2008,ALABAMA,0.603169130291706,0.38740434294574916,0.0,0.007662088970525555
2008,ALASKA,0.5942451953880631,0.37889373599389325,0.0048712894355251585,0.016686235618353328
2008,ARIZONA,0.5363524782262724,0.4511525087476428,0.005474225792738094,0.006412539923042544
2008,ARKANSAS,0.5871590449992959,0.3886465976512423,0.004395292913694521,0.019799064435767157
2008,CALIFORNIA,0.36954858832464477,0.6101263834713425,0.0049832250643346435,0.013849681829242216
2008,COLORADO,0.4470752210933716,0.5366023684069159,0.004537843331344184,0.011784567168368272
2008,CONNECTICUT,0.3822146330562694,0.6058882967612181,0.0,0.011635956453516899
2008,DELAWARE,0.36947033548975294,0.6194266898150393,0.002689058514301233,0.00841391618090647
2008,DISTRICT OF COLUMBIA,0.06532557465968035,0.9245710975614343,0.0,0.005822766716945078
2008,FLORIDA,0.4821531916597622,0.5103330527066491,0.0020520230387198082,0.0054151336281979285
2008,GEORGIA,0.5220451799292952,0.46990179096065066,0.00732095871918004,0.0
2008,HAWAII,0.2643620193657031,0.7145291011787819,0.0028811745719898962,0.01275478880157171
2008,IDAHO,0.6151709147303861,0.3609098763283785,0.005583692808362412,0.018198137140868417
2008,ILLINOIS,0.36780922542147204,0.6191811452001323,0.0035568055822399474,0.009450831898110431
2008,INDIANA,0.4891390717884854,0.4994591163968428,0.010634833049442141,0.0
2008,IOWA,0.4439325935530208,0.5392802007386527,0.0029860980546124157,0.009418244343491053
2008,KANSAS,0.5661225434349189,0.41651967194013617,0.005426128272183527,0.01193165635276145
2008,KENTUCKY,0.5739902114287592,0.4116811378392879,0.003278733398298497,0.01098860189858865
2008,LOUISIANA,0.5856272131075638,0.3993291380234511,0.0,0.015043648868985052
2008,MAINE,0.40384018337908234,0.5770573729797597,0.0,0.018512971799721813
2008,MARYLAND,0.364745196451127,0.6191934476264593,0.0037399357652162413,0.008823542823442504
2008,MASSACHUSETTS,0.3573495928933176,0.6136319910280229,0.0042504096848367465,0.013007433141207125
2008,MICHIGAN,0.40959705661952706,0.5743324730745946,0.004741686453683984,0.01132878385219438
2008,MINNESOTA,0.43822931044139074,0.5406029269827984,0.003152177610467951,0.014741429694997437
2008,MISSISSIPPI,0.5617618898101739,0.43001554426238403,0.001960670302706097,0.006261895624735921
2008,MISSOURI,0.49426074411878823,0.49292647865705136,0.0038923767735936456,0.008893051939949508
2008,MONTANA,0.495324509445858,0.4726846477008176,0.002764691119730509,0.029226151733593955
2008,NEBRASKA,0.5653185336979162,0.415982657769247,0.0034195244864161263,0.011738703401178862
2008,NEVADA,0.42654115108984053,0.551466759243187,0.004404617253948967,0.01111228209388251
2008,NEW HAMPSHIRE,0.44521428470962204,0.5412689705613458,0.0038651419891134646,0.004927071465743983
2008,NEW JERSEY,0.4170393385927491,0.5727213715188599,0.002182131032819344,0.008057158855571673
2008,NEW MEXICO,0.4177903483433274,0.5690748026279335,0.002924744446237945,0.010210104582501163
2008,NEW YORK,0.313172371111752,0.6015696154075767,0.002537678293720852,0.07166066283960194
2008,NORTH CAROLINA,0.49374798618648613,0.49703666399047425,0.005966803306354128,0.0
2008,NORTH DAKOTA,0.5325010027761898,0.44620540014717913,0.004276406176469659,0.01701719090016139
2008,OHIO,0.4691057836327485,0.5150427006052537,0.0034890993018998483,0.012273248837229671
2008,OKLAHOMA,0.656450811226935,0.343549188773065,0.0,0.0
2008,OREGON,0.40400981692292204,0.5674880625692065,0.004177006604430089,0.016877623280506647
2008,PENNSYLVANIA,0.4416705247991443,0.5448552801203738,0.003311341978210864,0.007147024115988766
2008,RHODE ISLAND,0.35057846474735355,0.6286400461245617,0.0029294183981041447,0.013614800557903707
2008,SOUTH CAROLINA,0.5387364397863786,0.4489656001736624,0.0037913157370056466,0.008506644302953354
2008,SOUTH DAKOTA,0.5315897637279927,0.44747431114601743,0.004803979318018195,0.016131945807971726
2008,TENNESSEE,0.5689695428289423,0.4182853806271298,0.0,0.012745076543927895
2008,TEXAS,0.5545236045232641,0.4368312144588963,0.006946945298809885,0.0
2008,UTAH,0.6258386971450172,0.3440574566607516,0.007314384115417327,0.022755861692409462
2008,VERMONT,0.30449228724549754,0.6745568319560924,0.0032826123071811376,0.013164290592716107
2008,VIRGINIA,0.46330500690255316,0.5262946987317566,0.0029723951590810206,0.005721061650274222
2008,WASHINGTON,0.40476304942114893,0.5765289221364835,0.004191146302222217,0.014516882140145241
2008,WEST VIRGINIA,0.5571034310695478,0.42589750382296754,0.0,0.016874319329568534
2008,WISCONSIN,0.4231366248834809,0.5621778651794235,0.002969078744272088,0.009530682435609906
2008,WYOMING,0.6471377459749553,0.32509493770203685,0.0062533345887079055,0.014581960267394783
2012,ALABAMA,0.6054582232982282,0.3835903309875247,0.0,0.00901781676853049
2012,ALASKA,0.5480157739729447,0.40812659112464433,0.02459941097189637,0.009707316261501855
2012,ARIZONA,0.536545331659747,0.44589766941799386,0.013961049975339828,0.0033993634457089123
2012,ARKANSAS,0.6056693608410911,0.36878990301720105,0.015218781674627011,0.010321954467080828
2012,CALIFORNIA,0.371203785207048,0.6023895914168964,0.010984429476689388,0.013639096442264617
2012,COLORADO,0.4612709163904798,0.5149222655161517,0.013833344489779398,0.00997347360358916
2012,CONNECTICUT,0.4074511424691504,0.5808501325885442,0.007919373843219502,0.0031902112945416646
2012,DELAWARE,0.39982604073546113,0.5861074198458528,0.009379303679721665,0.004687235738964459
2012,DISTRICT OF COLUMBIA,0.07278291417600523,0.9091311392818725,0.007090725888808704,0.008367260794379161
2012,FLORIDA,0.49130977761975525,0.5000786506869869,0.00527791541811897,0.0033283460262050167
2012,GEORGIA,0.5332924217752452,0.45507959666882086,0.011627981555933942,0.0
2012,HAWAII,0.2768214768539593,0.7014793244563191,0.008783989349412914,0.007283391168888207
2012,IDAHO,0.6452978349589283,0.3262233355920978,0.014492375903378029,0.01398645354559587
2012,ILLINOIS,0.407327412708169,0.5760213536247709,0.010726602408921456,0.005765341336364229
2012,INDIANA,0.5412553238022445,0.43927302904058396,0.01909329427624104,0.0
2012,IOWA,0.46177868510536096,0.5198801653414908,0.008169740484647765,0.005467772314148833
2012,KANSAS,0.5971132036921613,0.3799457055391902,0.017634923631711482,0.004325108127703193
2012,KENTUCKY,0.6049314159932162,0.37801327834445797,0.009494149827621895,0.007349717228685319
2012,LOUISIANA,0.5778457572847425,0.4057746362330215,0.009105520632476875,0.007274085849759161
2012,MAINE,0.40327392039825705,0.5537103419348252,0.012903617483353063,0.011202359960152217
2012,MARYLAND,0.3589773233894539,0.6197419077931849,0.011153067213528324,0.006319886736991874
2012,MASSACHUSETTS,0.37319122315334863,0.6033830832021647,0.009710457522087209,0.00649802964390383
2012,MICHIGAN,0.4471091602742022,0.5420820421051875,0.0,0.009123516342662726
2012,MINNESOTA,0.4495820110666865,0.5265230315324626,0.011952075914649824,0.008319255074217767
2012,MISSISSIPPI,0.5528584674358112,0.4378935954398935,0.005192970665471879,0.004054966458823383
2012,MISSOURI,0.5376374113587709,0.4438348354545333,0.015649599267115243,0.0028781539195806946
2012,MONTANA,0.553515353849205,0.41698137374805805,0.029263626747760552,0.0
2012,NEBRASKA,0.5980319217904804,0.38027314417928976,0.013984508653929674,0.0030312986622254615
2012,NEVADA,0.4567531564126363,0.5235624947040056,0.010806784390463071,0.0031923761328501417
2012,NEW HAMPSHIRE,0.4640379649268888,0.5197968415071198,0.011550384543976415,0.0009958198072497933
2012,NEW JERSEY,0.4062356482714438,0.5834235491063761,0.00578123011714446,0.004559572505035729
2012,NEW MEXICO,0.4284332663909013,0.5299276052046678,0.03545482151378359,0.006184306890647368
2012,NEW YORK,0.312415973282314,0.6076098417487449,0.006617033761316909,0.06433285034363838
2012,NORTH CAROLINA,0.5039306410214295,0.48350968577067555,0.009880427187810462,0.0
2012,NORTH DAKOTA,0.5831568255855722,0.38697310888979725,0.016220133031102524,0.007890205987638264
2012,OHIO,0.47688440878422567,0.5066674765831987,0.008868406840426016,0.007560534989290109
2012,OKLAHOMA,0.6677231974301656,0.3322768025698344,0.0,0.0
2012,OREGON,0.42149871176513326,0.54239326652769,0.013463032409865476,0.01522576246178609
2012,PENNSYLVANIA,0.46680866033674445,0.520768577021407,0.008706139281509708,0.0037166233603388344
2012,RHODE ISLAND,0.35243661570813967,0.627009588632639,0.00983748422258541,0.007620239032034597
2012,SOUTH CAROLINA,0.5456113125586141,0.4408803340736147,0.008309582214510534,0.005198771153260649
2012,SOUTH DAKOTA,0.5788931187554114,0.3986614075835246,0.01592842516113959,0.006517048499924412
2012,TENNESSEE,0.5947871471993759,0.39075814993795194,0.0,0.014454702862672187
2012,TEXAS,0.5716697746805639,0.41383358283760857,0.011081017146804463,0.0030844958206001087
2012,UTAH,0.727905331026891,0.2474966582796037,0.012356502594747602,0.012203176600094354
2012,VERMONT,0.3097263523672692,0.665705503023823,0.011650907146914365,0.006091082227939457
2012,VIRGINIA,0.4728310289638912,0.5115645679621864,0.008098609180101435,0.005625907870018568
2012,WASHINGTON,0.4129462143210913,0.5616339829967276,0.013502410481981215,0.011917392200199904
2012,WEST VIRGINIA,0.6229584241943327,0.3553930415638732,0.009399825188906356,0.012248709052887814
2012,WISCONSIN,0.4593834671361976,0.5277616253515459,0.0,0.011171654673354531
2012,WYOMING,0.6819358518713527,0.2763690611525283,0.02124443061655119,0.005791759905225747
2016,ALABAMA,0.6208309236440906,0.3435794575797364,0.020941690857748902,0.004422682412690758
2016,ALASKA,0.5128151207753728,0.36550871290111986,0.05877128006829709,0.03402613870335962
2016,ARIZONA,0.4867161647232105,0.4512602184469321,0.041321485408048066,0.013347375702685214
2016,ARKANSAS,0.6057410216382829,0.33653124129360934,0.026382519557593742,0.031345217510514
2016,CALIFORNIA,0.3161710653843943,0.6172639960455788,0.03374091560222951,0.024310241548993607
2016,COLORADO,0.4325139737143104,0.48156980382847403,0.05183798404442814,0.03407823841278748
2016,CONNECTICUT,0.40926914378814777,0.5456630109670987,0.029591712666877417,0.013885781679352187
2016,DELAWARE,0.41922824339319276,0.5335333680563419,0.03341787631060486,0.013820512239860505
2016,DISTRICT OF COLUMBIA,0.04070383108054067,0.9048388386787171,0.015695433096056945,0.013622330640646245
2016,FLORIDA,0.49021941416590736,0.4782331580580505,0.02197899605298874,0.009552189752080645
2016,GEORGIA,0.50771326054771,0.4563998335736082,0.030453016138110574,0.0
2016,HAWAII,0.29439707172625573,0.6098079805512905,0.036452621188857205,0.0394023725963296
2016,IDAHO,0.5926143236919689,0.27492013820979205,0.04104425176202998,0.09142128633620908
2016,ILLINOIS,0.3876175307382527,0.558253666987933,0.03785764963088087,0.013872131180704367
2016,INDIANA,0.5694003344841128,0.37774839686752043,0.04899270848034961,0.0
2016,IOWA,0.5116206134467737,0.41752513445496237,0.03780451973070683,0.021714636109301345
2016,KANSAS,0.5665458180583958,0.36052370732234496,0.04677972512711056,0.019846302184562337
2016,KENTUCKY,0.6251963855190009,0.3268218833364776,0.027935466536115446,0.019655962194195978
2016,LOUISIANA,0.580886846535688,0.3844956609851397,0.018717299677875953,0.006915120116390476
2016,MAINE,0.43476678084498865,0.4634521409730895,0.049365714374549806,0.021368274318168862
2016,MARYLAND,0.3390930472854767,0.6032574423519277,0.02862000556545049,0.01292313422586669
2016,MASSACHUSETTS,0.3228620279085515,0.5905006509667129,0.040847976261542115,0.014105807913470408
2016,MICHIGAN,0.47497564219996147,0.4727453095086684,0.03586701683001048,0.014546128130779509
2016,MINNESOTA,0.4492519310427733,0.4644503396176695,0.038363451012672585,0.03868164094999223
2016,MISSISSIPPI,0.5794103808883564,0.40114788271784096,0.011936094966167972,0.007505641427634685
2016,MISSOURI,0.5677234783816165,0.3813523083523671,0.03466453986943696,0.013711789304654802
2016,MONTANA,0.5646619186857719,0.35935218775150346,0.05669469350448712,0.019291200058237586
2016,NEBRASKA,0.5874735112712576,0.33698756377135536,0.04613214218450725,0.010394123855313795
2016,NEVADA,0.4550069531760242,0.4791782367811904,0.03321885399218934,0.006948733100227922
2016,NEW HAMPSHIRE,0.46458666981953417,0.46826262669690555,0.04135048421595709,0.009638638391177703
2016,NEW JERSEY,0.4135038665002945,0.554530844496942,0.01870834781001568,0.01325694119274784
2016,NEW MEXICO,0.40042514333242724,0.48255647178634103,0.09337244885816322,0.023645936023068474
2016,NEW YORK,0.32390602305742927,0.5613614259984896,0.007362391894268249,0.08918347969593765
2016,NORTH CAROLINA,0.49828094696180414,0.46172866168209475,0.02744368735716738,0.0
2016,NORTH DAKOTA,0.629556278313393,0.27226739458706006,0.06224300151004762,0.01735683586943896
2016,OHIO,0.5168765067578619,0.4355807627672002,0.0,0.04457465286463882
2016,OKLAHOMA,0.6532286481962736,0.2893168028454389,0.05745454895828745,0.0
2016,OREGON,0.39094035184496756,0.5007185200286208,0.04708404785603217,0.02498431048059896
2016,PENNSYLVANIA,0.4857788580374602,0.4785361616456285,0.023991063874459928,0.011693916442451371
2016,RHODE ISLAND,0.3889805749939674,0.5440660657037472,0.031770312661587786,0.014846685511393017
2016,SOUTH CAROLINA,0.5493933268569543,0.4067341978966509,0.023396751444465524,0.020475723801929312
2016,SOUTH DAKOTA,0.615307503789588,0.3173742815994899,0.0563371909222817,0.010981023688640424
2016,TENNESSEE,0.6072203369421462,0.34716332798650096,0.0,0.04011838788019427
2016,TEXAS,0.5223468557933538,0.4323525798101196,0.031607186617886536,0.007978168907774206
2016,UTAH,0.4554081658810042,0.2746126859226901,0.035010523133657497,0.23496862506264823
2016,VERMONT,0.29759382401308093,0.5572274212321393,0.03144785578546309,0.025425394814442673
2016,VIRGINIA,0.44427647013924043,0.49751352833417695,0.029696551530198213,0.020511445352359374
2016,WASHINGTON,0.3683268018663746,0.5253868006182659,0.04850107883011825,0.025284751157590598
2016,WEST VIRGINIA,0.6863057481161936,0.26476928017771517,0.03226136699899446,0.016663604707096685
2016,WISCONSIN,0.4721818456731012,0.4645384137224266,0.03584295146413991,0.015626228516707828
2016,WYOMING,0.6739841105460841,0.2162890087639303,0.05134318438258343,0.020348702412785753
2020,ALABAMA,0.620316431668648,0.36569990212122333,0.010836394376575896,0.0
2020,ALASKA,0.5283314327038078,0.42771952271020497,0.024746196423107946,0.013748504992629265
2020,ARIZONA,0.4905598103046474,0.49364690614366613,0.015193400339973183,0.0
2020,ARKANSAS,0.6239572985614432,0.34775061953014963,0.010772975114616154,0.017519106793790998
2020,CALIFORNIA,0.3432072362528492,0.6348394689387351,0.010736316646001992,0.010983789901776944
2020,COLORADO,0.4160412563491241,0.5501106714065329,0.015993999963414413,0.017854072280928543
2020,CONNECTICUT,0.3918711828833072,0.5926073151568352,0.011091878365463959,0.004132999462128884
2020,DELAWARE,0.3977487677110555,0.5874300579364167,0.009913828998346374,0.004241136045492579
2020,DISTRICT OF COLUMBIA,0.0,0.0,0.0,0.002012452229669296
2020,FLORIDA,0.5121981962250404,0.47861450725442234,0.006354125103366122,0.0027378468909205513
2020,GEORGIA,0.492374738997912,0.49473055784446274,0.012445899567196538,0.0
2020,HAWAII,0.3395471416941482,0.6314937976901742,0.009553557876726505,0.01023829564113532
2020,IDAHO,0.6383756483190364,0.33066402154803953,0.018898312700025576,0.011309725419175267
2020,ILLINOIS,0.40553450818173725,0.5754164537667581,0.011028643414212372,0.007969845583413149
2020,INDIANA,0.5702115776570512,0.4096167705971215,0.019528419270203136,0.0
2020,IOWA,0.5280019763194579,0.4464723285866375,0.011550293212871958,0.005978366360219513
2020,KANSAS,0.5621251283426474,0.41559553538832167,0.022279336269030964,0.0
2020,KENTUCKY,0.6208657186929044,0.3615151481115404,0.012277420852427591,0.004718340971036631
2020,LOUISIANA,0.5846088241400853,0.39851456801526214,0.01007652479304601,0.006800083051606519
2020,MAINE,0.43551228110418266,0.5252557934577239,0.01708549387001165,0.011364171410289689
2020,MARYLAND,0.32150291567748757,0.6536066486007711,0.011026562134717142,0.00713954093308265
2020,MASSACHUSETTS,0.3190815758863096,0.6512298370286536,0.012852087408300426,0.005100594449706876
2020,MICHIGAN,0.4783729069113762,0.5062081829082437,0.010900470853547974,0.004321663631988291
2020,MINNESOTA,0.4528494240916937,0.5239509930974001,0.010672619768696842,0.009486230654427249
2020,MISSISSIPPI,0.5760295457538255,0.41057606455978607,0.006109187453711069,0.007285202232677378
2020,MISSOURI,0.5679965577888949,0.4140878173618836,0.013617157122263928,0.004032436626765307
2020,MONTANA,0.5691846924002028,0.4054936936160908,0.02526529219413127,0.0
2020,NEBRASKA,0.5822416333205421,0.39166630941787967,0.021208030673903654,0.0
2020,NEVADA,0.4766624732455941,0.5005678195728402,0.010518893164533904,0.002232854410492281
2020,NEW HAMPSHIRE,0.45356259504677604,0.5270782528014766,0.01641688849416137,0.0
2020,NEW JERSEY,0.41396523857348505,0.5733419675281298,0.006962968140744409,0.005729825757640703
2020,NEW MEXICO,0.43496669246129455,0.5428928584957222,0.01362064580368304,0.00851980323930019
2020,NEW YORK,0.3746129384009093,0.603918845358349,0.006954034035906201,0.006389020213617711
2020,NORTH CAROLINA,0.4993433248829551,0.4858621177736324,0.008810813491596622,0.003573702731790207
2020,NORTH DAKOTA,0.6511404873707572,0.31756762359080093,0.025960494059184287,0.0
2020,OHIO,0.5327130010087464,0.45239338340705026,0.011409438583824058,0.003176521165606982
2020,OKLAHOMA,0.6537327184806295,0.32286174335986634,0.01584610485429926,0.007559433305204911
2020,OREGON,0.4036724604634335,0.5645331865404888,0.017513217463013635,0.007083709405762742
2020,PENNSYLVANIA,0.4884361204017247,0.5000849567544814,0.011478922843793956,0.0
2020,RHODE ISLAND,0.38670380471575855,0.5947619876593357,0.009773883440685506,0.003423663900655719
2020,SOUTH CAROLINA,0.5509348091719648,0.43416838497813925,0.011103792377061179,0.0037930134728347683
2020,SOUTH DAKOTA,0.6176938967225024,0.3560525213613529,0.02625358191614471,0.0
2020,TENNESSEE,0.6066029416628381,0.37451434271023704,0.0,0.018600449072335226
2020,TEXAS,0.5205760360355265,0.4647900991387051,0.011157081325978414,0.002951465728494848
2020,UTAH,0.5812983902991959,0.37646048583306063,0.02583302033408834,0.0071249602731727505
2020,VERMONT,0.3038105712622113,0.6545578055250049,0.009725906277630416,0.017128161997800352
2020,VIRGINIA,0.4399550366728214,0.5410951717780242,0.01451869780321774,0.0
2020,WASHINGTON,0.3876697774334327,0.5797030113530306,0.019693558444977055,0.006266710473621518
2020,WEST VIRGINIA,0.6863155192461606,0.29696521244519614,0.01344865425368589,0.00327061405495739
2020,WISCONSIN,0.48822437319608825,0.4944953686142774,0.0,0.014825770813643616
2020,WYOMING,0.6949978994840271,0.26387866557990397,0.020710728430214397,0.00792810131309178
